ID:int,species:str,primaryType:int,secondaryType:int,primaryAbility:int,secondaryAbility:int,primaryGender:int,secondaryGender:int,baseHP:int,baseAtk:int,baseDef:int,baseSpAtk:int,baseSpDef:int,weight:int,size:int,mobility:int,IQGroup:int,bodySize:int,canMove:bool,expYield:int,recruitRate1:number,recruitRate2:number,specialItemSpawn:bool,exclusiveItem1a:int,exclusiveItem1b:int,exclusiveItem2:int,exclusiveItem3:int
0,??????????,1,0,26,0,0,0,1,0,0,0,1,256,99,0,15,1,1,80,-99.9,-99.9,0,0,0,0,0
1,Bulbasaur,4,8,26,0,1,2,22,3,2,4,3,153,27,0,5,1,1,7,8.2,8.2,0,574,575,576,577
2,Ivysaur,4,8,26,0,1,2,22,3,2,4,3,153,33,0,5,1,1,31,-10.0,-10.0,0,578,579,580,581
3,Venusaur,4,8,26,0,1,2,22,3,2,4,3,332,48,0,5,1,1,102,-12.0,-12.0,0,582,583,584,585
4,Charmander,2,0,70,0,1,2,22,3,3,4,2,153,26,4,2,1,1,10,8.2,8.2,0,586,587,588,589
5,Charmeleon,2,0,70,0,1,2,22,3,3,4,2,153,26,4,2,1,1,42,-10.0,-10.0,0,590,591,592,593
6,Charizard,2,10,70,0,1,2,22,3,3,4,2,332,52,4,2,1,1,105,-12.0,-12.0,0,594,595,596,597
7,Squirtle,3,0,16,0,1,2,30,3,3,3,3,153,21,5,4,1,1,11,8.2,8.2,0,598,599,600,601
8,Wartortle,3,0,16,0,1,2,30,3,3,3,3,179,34,5,4,1,1,68,-10.0,-10.0,0,602,603,604,605
9,Blastoise,3,0,16,0,1,2,30,3,3,3,3,332,51,5,4,1,1,122,-12.0,-12.0,0,606,607,608,609
10,Caterpie,12,0,76,0,1,2,22,13,6,13,5,153,16,0,0,1,1,12,8.2,16.4,0,0,0,0,1014
11,Metapod,12,0,33,0,1,2,15,15,15,15,15,153,20,0,0,1,1,13,-10.0,-10.0,0,0,0,0,1015
12,Butterfree,12,10,51,0,1,2,32,13,5,13,5,204,39,2,0,1,1,19,5.5,11.0,0,0,0,0,1016
13,Weedle,12,8,76,0,1,2,25,13,7,13,7,153,13,0,0,1,1,29,8.2,16.4,0,0,0,0,1017
14,Kakuna,12,8,33,0,1,2,25,13,7,13,7,153,21,0,0,1,0,30,5.0,10.0,0,0,0,0,1018
15,Beedrill,12,8,67,0,1,2,20,10,5,10,4,179,39,2,0,1,1,31,5.0,10.0,0,0,0,0,1019
16,Pidgey,1,10,30,98,1,2,10,4,4,5,5,153,16,0,3,1,1,9,8.2,8.2,0,0,0,0,1020
17,Pidgeotto,1,10,30,98,1,2,20,15,9,20,11,204,25,0,3,1,1,38,-4.5,-4.5,0,0,0,0,1021
18,Pidgeot,1,10,30,98,1,2,30,20,13,25,13,204,29,0,3,1,1,91,-10.0,-10.0,0,0,0,0,1022
19,Rattata,1,0,43,17,1,2,15,10,5,10,5,153,20,0,5,1,1,22,8.2,8.2,0,0,0,0,1023
20,Raticate,1,0,43,17,1,2,20,15,10,15,10,153,23,0,5,1,1,90,-4.5,-4.5,0,0,0,0,1024
21,Spearow,1,10,30,0,1,2,23,15,7,17,7,153,18,0,3,1,1,64,8.2,8.2,0,0,0,0,1025
22,Fearow,1,10,30,0,1,2,20,14,11,16,10,204,36,0,3,1,1,69,-4.5,-4.5,0,0,0,0,1026
23,Ekans,8,0,6,33,1,2,30,8,7,7,8,153,34,0,2,1,1,57,0.5,0.5,0,0,0,0,1027
24,Arbok,8,0,6,33,1,2,30,8,6,7,5,281,65,0,2,1,1,95,-12.0,-12.0,0,0,0,0,1028
25,Pikachu,5,0,32,0,1,2,20,3,3,3,3,153,31,0,3,1,1,7,8.2,8.2,0,614,615,616,617
26,Raichu,5,0,32,0,1,2,20,3,3,3,3,204,45,0,3,1,1,111,-12.0,-12.0,0,618,619,620,621
27,Sandshrew,9,0,29,0,1,2,23,14,16,9,9,153,24,0,3,1,1,75,8.2,16.4,0,0,0,0,1029
28,Sandslash,9,0,29,0,1,2,16,12,14,4,9,179,38,0,3,1,1,77,0.5,1.0,0,0,0,0,1030
29,NidoranFemale,8,0,39,104,2,0,25,11,5,10,5,153,22,0,2,1,1,5,8.2,8.2,0,0,0,0,1031
30,Nidorina,8,0,39,104,2,0,24,9,4,8,3,179,26,0,2,1,1,37,0.5,1.0,0,0,0,0,1032
31,Nidoqueen,8,9,39,104,2,0,23,10,8,15,6,281,40,0,2,1,1,107,-12.0,-12.0,0,0,0,0,1033
32,NidoranMale,8,0,39,104,1,0,41,15,11,16,11,153,33,0,2,1,1,6,8.2,8.2,0,0,0,0,1034
33,Nidorino,8,0,39,104,1,0,35,14,10,15,10,153,39,0,2,1,1,37,0.5,1.0,0,0,0,0,1035
34,Nidoking,8,9,39,104,1,0,30,14,19,22,19,281,57,0,2,1,1,83,-12.0,-12.0,0,0,0,0,1036
35,Clefairy,1,0,68,115,1,2,18,11,9,12,10,153,29,0,1,1,1,8,-4.5,-4.5,0,774,775,776,777
36,Clefable,1,0,68,115,1,2,22,15,14,17,14,230,37,0,1,1,1,30,-12.0,-12.0,0,778,779,780,781
37,Vulpix,2,0,72,0,1,2,24,4,4,4,4,153,21,4,6,1,1,60,8.2,8.2,0,998,999,1000,1001
38,Ninetales,2,0,72,0,1,2,24,4,4,4,4,153,36,4,6,1,1,71,-4.5,-4.5,0,1002,1003,1004,1005
39,Jigglypuff,1,0,68,0,1,2,10,3,4,3,3,153,26,0,1,1,1,38,-4.5,-4.5,0,786,787,788,789
40,Wigglytuff,1,0,68,0,1,2,22,17,6,18,6,153,34,0,1,1,1,87,-12.0,-12.0,0,790,791,792,793
41,Zubat,8,10,31,0,1,2,34,25,15,24,15,153,25,2,3,1,1,67,5.5,11.0,0,0,0,0,1037
42,Golbat,8,10,31,0,1,2,33,20,15,15,15,256,36,2,3,1,1,113,-4.5,-4.5,0,0,0,0,1038
43,Oddish,4,8,74,0,1,2,27,14,7,14,7,153,18,0,1,1,1,34,8.2,16.4,0,0,0,0,1039
44,Gloom,4,8,74,0,1,2,25,12,6,12,6,153,33,0,1,1,1,38,0.1,0.1,0,0,0,0,1040
45,Vileplume,4,8,74,0,1,2,31,16,8,13,8,153,35,0,1,1,1,105,-12.0,-12.0,0,0,0,0,1041
46,Paras,12,4,61,85,1,2,25,13,7,13,7,153,22,0,0,1,1,40,8.2,16.4,0,0,0,0,1042
47,Parasect,12,4,61,85,1,2,23,12,6,12,6,179,32,0,0,1,1,49,-4.5,-4.5,0,0,0,0,1043
48,Venonat,12,8,51,80,1,2,35,15,12,15,12,204,30,0,0,1,1,18,8.2,8.2,0,0,0,0,1044
49,Venomoth,12,8,76,80,1,2,19,14,5,14,4,153,37,2,0,1,1,49,-4.5,-4.5,0,0,0,0,1045
50,Diglett,9,0,29,5,1,2,10,7,7,7,8,153,14,0,0,1,1,26,8.2,8.2,0,0,0,0,1046
51,Dugtrio,9,0,29,5,1,2,23,15,14,15,15,204,36,0,0,1,1,32,-4.5,-4.5,0,0,0,0,1047
52,Meowth,1,0,71,100,1,2,20,2,4,4,4,153,23,0,6,1,1,20,8.2,8.2,0,622,623,624,625
53,Persian,1,0,22,100,1,2,20,2,4,4,4,204,25,0,6,1,1,89,-12.0,-12.0,0,626,627,628,629
54,Psyduck,3,0,21,45,1,2,17,11,5,12,4,153,29,5,2,1,1,27,8.2,16.4,0,0,0,0,1048
55,Golduck,3,0,21,45,1,2,20,11,10,10,10,307,42,5,2,1,1,112,-12.0,-12.0,0,0,0,0,1049
56,Mankey,7,0,73,79,1,2,35,11,13,10,13,179,33,0,2,1,1,35,8.2,8.2,0,0,0,0,1050
57,Primeape,7,0,73,79,1,2,35,11,15,10,15,204,35,0,2,1,1,129,-4.5,-4.5,0,0,0,0,1051
58,Growlithe,2,0,6,72,1,2,42,25,12,20,12,153,28,4,2,1,1,66,8.2,8.2,0,0,0,0,1052
59,Arcanine,2,0,6,72,1,2,41,25,11,20,11,332,31,4,2,1,1,83,-12.0,-12.0,0,0,0,0,1053
60,Poliwag,3,0,36,21,1,2,16,4,3,5,3,153,24,5,5,1,1,24,6.4,12.8,0,0,0,0,1054
61,Poliwhirl,3,0,36,21,1,2,20,8,7,10,7,179,35,5,5,1,1,92,0.5,0.5,0,0,0,0,1055
62,Poliwrath,3,7,36,21,1,2,22,8,9,13,9,256,46,5,5,1,1,143,-4.5,-4.5,0,0,0,0,1056
63,Abra,11,0,25,31,1,2,47,4,12,15,10,153,27,2,5,1,1,40,8.2,8.2,0,0,0,0,1057
64,Kadabra,11,0,25,31,1,2,45,4,12,13,10,256,36,0,5,1,1,48,-4.5,-4.5,0,0,0,0,1058
65,Alakazam,11,0,25,31,1,2,40,4,12,11,10,230,34,0,5,1,1,75,-12.0,-12.0,0,0,0,0,1059
66,Machop,7,0,17,106,1,2,11,8,1,4,1,153,26,0,3,1,1,20,8.2,16.4,0,0,0,0,1060
67,Machoke,7,0,17,106,1,2,14,8,1,4,1,307,40,0,3,1,1,42,-4.5,-4.5,0,0,0,0,1061
68,Machamp,7,0,17,106,1,2,19,10,9,8,9,332,58,0,3,1,1,85,-10.0,-10.0,0,0,0,0,1062
69,Bellsprout,4,8,74,0,1,2,11,5,6,6,7,153,16,0,6,1,1,6,8.2,8.2,0,0,0,0,1063
70,Weepinbell,4,8,74,0,1,2,16,8,6,11,7,153,23,0,6,1,1,22,-10.0,-10.0,0,0,0,0,1064
71,Victreebel,4,8,74,0,1,2,21,15,10,16,10,153,39,0,6,1,1,41,-12.0,-12.0,0,0,0,0,1065
72,Tentacool,3,8,15,58,1,2,38,10,10,10,11,230,29,5,2,1,1,54,8.2,16.4,0,0,0,0,1066
73,Tentacruel,3,8,15,58,1,2,43,15,9,15,9,256,37,5,2,1,1,79,-4.5,-4.5,0,0,0,0,1067
74,Geodude,13,9,7,13,1,2,20,13,5,15,5,179,27,0,4,1,1,23,8.2,16.4,0,0,0,0,1068
75,Graveler,13,9,7,13,1,2,24,14,3,13,2,332,41,0,4,1,1,73,0.5,1.0,0,0,0,0,1069
76,Golem,13,9,7,13,1,2,24,16,4,16,4,358,39,0,4,1,1,103,0.5,1.0,0,0,0,0,1070
77,Ponyta,2,0,43,72,1,2,36,15,15,15,15,204,19,4,3,1,1,88,8.2,8.2,0,0,0,0,1071
78,Rapidash,2,0,43,72,1,2,40,19,16,19,16,332,29,4,3,1,1,93,-4.5,-4.5,0,0,0,0,1072
79,Slowpoke,3,11,41,64,1,2,34,10,11,13,12,204,24,5,1,1,1,20,8.2,8.2,0,0,0,0,1073
80,Slowbro,3,11,41,64,1,2,40,9,10,13,13,307,31,5,1,1,1,65,-12.0,-12.0,0,0,0,0,1074
81,Magnemite,5,17,23,13,3,0,44,12,11,16,12,153,15,2,0,1,1,66,8.2,16.4,0,0,0,0,1075
82,Magneton,5,17,23,13,3,0,50,12,12,16,12,281,34,2,0,1,1,78,-4.5,-4.5,0,0,0,0,1076
83,Farfetch'd,1,10,30,31,1,2,26,9,2,10,2,153,24,0,6,1,1,58,6.4,12.8,0,0,0,0,1077
84,Doduo,1,10,43,47,1,2,22,17,6,10,7,204,26,0,3,1,1,24,6.4,12.8,0,0,0,0,1078
85,Dodrio,1,10,43,47,1,2,22,15,3,2,4,332,33,0,3,1,1,89,0.5,1.0,0,0,0,0,1079
86,Seel,3,0,2,81,1,2,33,9,11,9,11,332,28,5,7,1,1,54,3.9,7.8,0,0,0,0,1080
87,Dewgong,3,6,2,81,1,2,30,9,11,9,11,332,32,5,7,1,1,80,-4.5,-4.5,0,0,0,0,1081
88,Grimer,8,0,1,44,1,2,10,5,3,4,1,204,32,0,6,1,1,29,6.4,12.8,0,0,0,0,1082
89,Muk,8,0,1,44,1,2,13,7,2,6,1,204,39,0,6,1,1,110,-4.5,-4.5,0,0,0,0,1083
90,Shellder,3,0,19,91,1,2,10,4,4,5,5,153,25,5,4,1,1,9,6.4,12.8,0,0,0,0,1084
91,Cloyster,3,6,19,91,1,2,10,4,4,5,5,332,43,5,4,1,1,52,-4.5,-4.5,0,0,0,0,1085
92,Gastly,14,8,55,0,1,2,40,9,9,8,6,153,38,3,6,1,1,65,8.2,16.4,0,0,0,0,1086
93,Haunter,14,8,55,0,1,2,40,9,9,8,6,153,43,3,6,1,1,72,0.5,1.0,0,0,0,0,1087
94,Gengar,14,8,55,0,1,2,40,9,9,8,6,230,40,3,6,1,1,115,-10.0,-10.0,0,0,0,0,1088
95,Onix,13,9,7,13,1,2,17,13,8,13,8,358,76,0,4,4,1,108,1.0,2.0,0,0,0,0,1089
96,Drowzee,11,0,54,121,1,2,38,9,4,9,4,204,32,0,5,1,1,33,6.4,12.8,0,0,0,0,1090
97,Hypno,11,0,54,121,1,2,40,10,5,10,5,307,36,0,5,1,1,43,-4.5,-4.5,0,0,0,0,1091
98,Krabby,3,0,9,19,1,2,25,14,11,15,11,153,19,5,1,1,1,51,6.4,12.8,0,0,0,0,1092
99,Kingler,3,0,9,19,1,2,40,20,18,22,18,281,36,5,1,1,1,84,-4.5,-4.5,0,0,0,0,1093
100,Voltorb,5,0,60,32,3,0,18,11,5,11,5,153,18,0,2,1,1,58,6.4,12.8,0,0,0,0,1094
101,Electrode,5,0,60,32,3,0,22,15,8,15,8,281,26,0,2,1,1,104,-4.5,-4.5,0,0,0,0,1095
102,Exeggcute,4,11,74,0,1,2,12,6,5,6,5,153,40,0,1,1,1,31,6.0,6.0,0,0,0,0,1096
103,Exeggutor,4,11,74,0,1,2,28,14,8,18,8,332,45,0,1,1,1,36,0.5,1.0,0,0,0,0,1097
104,Cubone,9,0,7,50,1,2,45,14,12,14,12,153,29,0,5,1,1,56,8.2,16.4,0,0,0,0,1098
105,Marowak,9,0,7,50,1,2,40,12,12,12,12,230,39,0,5,1,1,126,-4.5,-4.5,0,0,0,0,1099
106,Hitmonlee,7,0,22,92,1,0,43,16,12,7,10,230,45,0,2,1,1,55,-10.0,-10.0,0,0,0,0,453
107,Hitmonchan,7,0,30,101,1,0,42,17,10,6,12,256,33,0,2,1,1,94,-12.0,-12.0,0,0,0,0,454
108,Lickitung,1,0,64,41,1,2,45,20,18,18,16,281,47,0,6,1,1,47,8.2,8.2,0,0,0,0,1100
109,Koffing,8,0,55,0,1,2,42,21,5,21,5,153,29,2,4,1,1,85,6.4,12.8,0,0,0,0,1101
110,Weezing,8,0,55,0,1,2,52,22,10,23,10,153,55,2,4,1,1,76,-12.0,-12.0,0,0,0,0,1102
111,Rhyhorn,9,13,50,7,1,2,20,21,7,18,7,332,34,0,4,1,1,100,6.4,12.8,0,0,0,0,1103
112,Rhydon,9,13,50,7,1,2,25,21,10,18,11,332,51,4,4,1,1,119,-10.0,-10.0,0,0,0,0,1104
113,Chansey,1,0,20,38,2,0,50,3,0,0,0,204,36,0,7,1,1,90,6.9,6.9,0,958,959,960,961
114,Tangela,4,0,74,123,1,2,14,7,7,12,12,204,42,0,6,1,1,28,6.4,12.8,0,0,0,0,1105
115,Kangaskhan,1,0,47,87,2,0,40,20,15,15,15,332,55,0,1,1,1,96,6.4,6.4,0,0,0,0,1106
116,Horsea,3,0,27,93,1,2,30,7,7,8,8,153,19,5,2,1,1,54,8.2,8.2,0,0,0,0,1107
117,Seadra,3,0,39,93,1,2,29,10,12,10,11,179,32,5,2,1,1,63,-10.0,-10.0,0,0,0,0,1108
118,Goldeen,3,0,27,66,1,2,25,5,5,5,5,153,25,5,0,1,1,25,8.2,8.2,0,0,0,0,1109
119,Seaking,3,0,27,66,1,2,30,9,9,9,9,204,37,5,0,1,1,29,-4.5,-4.5,0,0,0,0,1110
120,Staryu,3,0,46,20,3,0,10,5,6,7,5,204,22,5,2,1,1,17,8.2,16.4,0,0,0,0,1111
121,Starmie,3,11,46,20,3,0,8,5,6,7,5,332,27,5,2,1,1,20,-4.5,-4.5,0,0,0,0,1112
122,Mr. Mime,11,0,60,110,1,2,35,13,6,16,6,256,36,0,5,1,1,79,-4.5,-4.5,0,950,951,952,953
123,Scyther,12,10,67,100,1,2,30,16,9,12,8,256,42,0,3,1,1,88,8.2,8.2,0,754,755,756,757
124,Jynx,6,11,41,121,2,0,43,7,6,9,5,230,40,0,6,1,1,74,-4.5,-4.5,0,830,831,832,833
125,Electabuzz,5,0,32,0,1,2,11,11,0,11,1,204,49,0,2,1,1,89,0.5,1.0,0,838,839,840,841
126,Magmar,2,0,62,0,1,2,40,16,2,20,5,230,37,4,2,1,1,85,0.5,1.0,0,850,851,852,853
127,Pinsir,12,0,9,83,1,2,22,20,5,16,7,256,42,0,2,1,1,67,8.2,16.4,0,0,0,0,1113
128,Tauros,1,0,6,79,1,0,40,17,1,13,0,332,33,0,2,1,1,92,6.4,12.8,0,0,0,0,1114
129,Magikarp,3,0,27,0,1,2,28,3,7,7,7,153,29,5,2,1,1,24,8.2,8.2,0,0,0,0,1115
130,Gyarados,3,10,6,0,1,2,30,10,10,10,10,358,116,2,2,4,1,115,-4.5,-4.5,0,0,0,0,1116
131,Lapras,3,6,36,19,1,2,25,15,10,15,10,358,72,5,1,2,1,93,6.7,6.7,0,762,763,764,765
132,Ditto,1,0,22,0,3,0,35,10,4,10,4,153,27,0,0,1,1,63,8.2,16.4,0,0,0,0,1117
133,Eevee,1,0,43,99,1,2,25,4,5,3,5,153,22,0,5,1,1,9,8.2,8.2,0,766,767,768,444
134,Vaporeon,3,0,36,0,1,2,25,4,5,3,5,179,40,5,5,1,1,35,-12.0,-12.0,0,0,0,0,445
135,Jolteon,5,0,35,0,1,2,25,4,5,3,5,179,34,0,5,1,1,35,-12.0,-12.0,0,0,0,0,446
136,Flareon,2,0,72,0,1,2,25,4,5,3,5,179,35,4,5,1,1,35,-12.0,-12.0,0,0,0,0,447
137,Porygon,1,0,40,96,3,0,55,25,19,21,15,204,23,5,4,1,1,75,6.4,12.8,0,0,0,0,1118
138,Omanyte,13,3,27,19,1,2,42,12,11,16,12,153,21,5,4,1,1,64,6.4,12.8,0,0,0,0,1119
139,Omastar,13,3,27,19,1,2,50,10,8,10,8,204,34,5,4,1,1,74,-4.5,-4.5,0,0,0,0,1120
140,Kabuto,13,3,27,12,1,2,20,8,5,6,5,153,17,5,4,1,1,11,6.4,12.8,0,0,0,0,1121
141,Kabutops,13,3,27,12,1,2,25,6,4,1,2,230,39,5,4,1,1,96,0.5,1.0,0,0,0,0,1122
142,Aerodactyl,13,10,7,57,1,2,20,14,3,10,3,256,36,2,3,1,1,52,8.2,16.4,0,0,0,0,1123
143,Snorlax,1,0,69,2,1,2,30,5,3,5,3,358,51,0,4,1,1,121,-12.0,-12.0,0,750,751,752,753
144,Articuno,6,10,57,0,3,0,40,24,15,24,15,256,69,2,2,2,1,145,20.0,20.0,1,0,0,0,472
145,Zapdos,5,10,57,0,3,0,47,15,8,15,8,256,115,2,2,2,1,185,10.0,10.0,1,0,0,0,473
146,Moltres,2,10,57,0,3,0,50,22,13,22,13,281,87,2,2,2,1,205,30.0,30.0,1,0,0,0,474
147,Dratini,15,0,33,0,1,2,15,10,3,10,3,153,27,5,3,1,1,53,8.2,16.4,0,0,0,0,1124
148,Dragonair,15,0,33,0,1,2,23,9,3,9,1,153,53,5,3,1,1,78,-4.5,-4.5,0,0,0,0,1125
149,Dragonite,15,10,31,0,1,2,35,9,10,8,8,358,56,5,3,1,1,94,-10.0,-10.0,0,0,0,0,1126
150,Mewtwo,11,0,57,0,3,0,50,25,15,25,15,332,43,0,2,1,1,350,-22.0,-22.0,1,0,0,0,475
151,Mew,11,0,25,0,3,0,50,20,15,20,15,153,26,2,7,1,1,156,20.0,20.0,1,0,0,0,476
152,Chikorita,4,0,26,0,1,2,30,4,3,4,3,153,22,0,7,1,1,7,8.2,8.2,0,630,631,632,633
153,Bayleef,4,0,26,0,1,2,30,4,3,4,3,153,32,0,7,1,1,61,-10.0,-10.0,0,634,635,636,637
154,Meganium,4,0,26,0,1,2,30,4,3,4,3,332,41,0,7,1,1,115,-12.0,-12.0,0,638,639,640,641
155,Cyndaquil,2,0,70,0,1,2,25,4,2,4,2,153,17,4,2,1,1,8,8.2,8.2,0,642,643,644,645
156,Quilava,2,0,70,0,1,2,25,4,2,4,2,153,19,4,2,1,1,38,-10.0,-10.0,0,646,647,648,649
157,Typhlosion,2,0,70,0,1,2,25,4,2,4,2,307,33,4,2,1,1,92,-12.0,-12.0,0,650,651,652,653
158,Totodile,3,0,16,0,1,2,25,4,3,4,3,153,28,5,4,1,1,11,8.2,8.2,0,654,655,656,657
159,Croconaw,3,0,16,0,1,2,25,4,3,4,3,179,35,5,4,1,1,72,-10.0,-10.0,0,658,659,660,661
160,Feraligatr,3,0,16,0,1,2,25,4,3,4,3,332,49,5,4,1,1,135,-12.0,-12.0,0,662,663,664,665
161,Sentret,1,0,43,30,1,2,30,15,5,17,6,153,26,0,3,1,1,76,6.4,6.4,0,0,0,0,1127
162,Furret,1,0,43,30,1,2,30,16,3,18,9,204,31,0,3,1,1,77,-4.5,-4.5,0,0,0,0,1128
163,Hoothoot,1,10,54,30,1,2,23,12,6,12,6,179,23,0,0,1,1,59,6.4,12.8,0,0,0,0,1129
164,Noctowl,1,10,54,30,1,2,37,18,13,18,13,230,31,0,0,1,1,63,-10.0,-10.0,0,0,0,0,1130
165,Ledyba,12,10,67,47,1,2,29,16,9,16,9,153,34,2,5,1,1,88,8.2,8.2,0,0,0,0,1131
166,Ledian,12,10,67,47,1,2,25,10,5,10,5,204,43,2,5,1,1,110,-4.5,-4.5,0,0,0,0,1132
167,Spinarak,12,8,67,54,1,2,23,15,9,15,9,153,25,0,5,1,1,26,6.4,12.8,0,0,0,0,1133
168,Ariados,12,8,67,54,1,2,8,10,4,8,6,204,37,0,5,1,1,54,0.5,1.0,0,0,0,0,1134
169,Crobat,8,10,31,0,1,2,15,5,4,5,4,307,29,2,3,1,1,128,-12.0,-12.0,0,0,0,0,1135
170,Chinchou,3,5,35,46,1,2,33,7,7,7,6,153,27,5,0,1,1,81,8.2,8.2,0,0,0,0,1136
171,Lanturn,3,5,35,46,1,2,33,6,6,6,6,179,28,5,0,1,1,100,-4.5,-4.5,0,0,0,0,1137
172,Pichu,5,0,32,0,1,2,20,1,1,1,1,153,24,0,3,1,1,11,5.1,5.1,0,610,611,612,613
173,Cleffa,1,0,68,115,1,2,11,3,2,2,2,153,23,0,1,1,1,20,8.2,8.2,0,770,771,772,773
174,Igglybuff,1,0,68,0,1,2,25,10,9,8,8,153,18,0,1,1,1,25,8.2,8.2,0,782,783,784,785
175,Togepi,1,0,48,38,1,2,18,10,7,9,7,153,21,0,7,1,1,15,6.4,6.4,0,794,795,796,797
176,Togetic,1,10,48,38,1,2,35,15,10,15,10,153,20,0,7,1,1,37,-12.0,-12.0,0,798,799,800,801
177,Natu,11,10,25,47,1,2,20,12,3,12,3,153,17,0,5,1,1,14,8.2,16.4,0,0,0,0,1138
178,Xatu,11,10,25,47,1,2,20,11,3,11,3,153,29,0,5,1,1,41,-4.5,-4.5,0,0,0,0,1139
179,Mareep,5,0,32,0,1,2,33,14,5,15,5,153,23,0,5,1,1,76,8.2,16.4,0,0,0,0,1140
180,Flaaffy,5,0,32,0,1,2,27,16,3,15,3,153,27,0,5,1,1,81,0.5,1.0,0,0,0,0,1141
181,Ampharos,5,0,32,0,1,2,25,17,3,16,3,281,29,0,5,1,1,83,-4.5,-4.5,0,0,0,0,1142
182,Bellossom,4,0,74,0,1,2,27,8,2,9,3,153,32,0,1,1,1,63,-4.5,-4.5,0,0,0,0,1143
183,Marill,3,0,2,34,1,2,22,5,6,4,5,153,28,5,3,1,1,87,0.5,0.5,0,862,863,864,865
184,Azumarill,3,0,2,34,1,2,22,6,7,5,6,179,36,5,3,1,1,85,0.5,0.5,0,866,867,868,869
185,Sudowoodo,13,0,13,7,1,2,29,16,10,16,10,204,28,0,4,1,1,35,0.5,0.5,0,942,943,944,945
186,Politoed,3,0,36,21,1,2,36,16,12,12,14,204,33,5,5,1,1,149,-12.0,-12.0,0,0,0,0,1144
187,Hoppip,4,10,74,123,1,2,20,8,8,8,7,153,32,0,7,1,1,38,8.2,16.4,0,0,0,0,1145
188,Skiploom,4,10,74,123,1,2,29,15,14,14,14,153,28,0,7,1,1,54,0.5,1.0,0,0,0,0,1146
189,Jumpluff,4,10,74,123,1,2,44,9,1,9,8,153,27,0,7,1,1,93,-10.0,-10.0,0,0,0,0,1147
190,Aipom,1,0,43,71,1,2,41,16,15,16,15,153,40,0,5,1,1,125,6.4,6.4,0,0,0,0,1148
191,Sunkern,4,0,74,90,1,2,17,8,8,10,8,153,22,0,1,1,1,64,5.2,5.2,0,0,0,0,1149
192,Sunflora,4,0,74,90,1,2,15,8,8,10,8,153,38,0,1,1,1,92,-12.0,-12.0,0,0,0,0,1150
193,Yanma,12,10,11,51,1,2,38,12,10,13,10,204,26,2,3,1,1,74,8.2,16.4,0,0,0,0,1151
194,Wooper,3,9,21,36,1,2,23,17,7,17,7,153,24,5,6,1,1,32,8.2,16.4,0,0,0,0,1152
195,Quagsire,3,9,21,36,1,2,25,15,4,15,4,307,36,5,6,1,1,143,0.5,0.5,0,0,0,0,1153
196,Espeon,11,0,25,0,1,2,25,4,5,3,5,179,35,0,5,1,1,35,-12.0,-12.0,0,0,0,0,448
197,Umbreon,16,0,25,0,1,2,25,4,5,3,5,179,27,0,5,1,1,35,-12.0,-12.0,0,0,0,0,449
198,Murkrow,16,10,54,88,1,2,35,23,10,23,10,153,20,0,3,1,1,76,6.4,6.4,0,0,0,0,1154
199,Slowking,3,11,41,64,1,2,40,10,7,10,7,307,37,5,1,1,1,85,-12.0,-12.0,0,0,0,0,1155
200,Misdreavus,14,0,55,0,1,2,50,17,14,18,15,153,27,3,6,1,1,100,8.2,16.4,0,0,0,0,1156
201,Unown A,11,0,55,0,3,0,35,16,8,16,8,153,12,2,0,1,1,4,8.2,8.2,0,0,0,0,1157
202,Unown B,11,0,55,0,3,0,35,16,8,16,8,153,13,2,0,1,1,4,8.2,8.2,0,0,0,0,1157
203,Unown C,11,0,55,0,3,0,35,16,8,16,8,153,17,2,0,1,1,4,8.2,8.2,0,0,0,0,1157
204,Unown D,11,0,55,0,3,0,35,16,8,16,8,153,13,2,0,1,1,4,8.2,8.2,0,0,0,0,1157
205,Unown E,11,0,55,0,3,0,35,16,8,16,8,153,12,2,0,1,1,4,8.2,8.2,0,0,0,0,1157
206,Unown F,11,0,55,0,3,0,35,16,8,16,8,153,13,2,0,1,1,4,8.2,8.2,0,0,0,0,1157
207,Unown G,11,0,55,0,3,0,35,16,8,16,8,153,12,2,0,1,1,4,8.2,8.2,0,0,0,0,1157
208,Unown H,11,0,55,0,3,0,35,16,8,16,8,153,18,2,0,1,1,4,8.2,8.2,0,0,0,0,1157
209,Unown I,11,0,55,0,3,0,35,16,8,16,8,153,8,2,0,1,1,4,8.2,8.2,0,0,0,0,1157
210,Unown J,11,0,55,0,3,0,35,16,8,16,8,153,10,2,0,1,1,4,8.2,8.2,0,0,0,0,1157
211,Unown K,11,0,55,0,3,0,35,16,8,16,8,153,10,2,0,1,1,4,8.2,8.2,0,0,0,0,1157
212,Unown L,11,0,55,0,3,0,35,16,8,16,8,153,10,2,0,1,1,4,8.2,8.2,0,0,0,0,1157
213,Unown M,11,0,55,0,3,0,35,16,8,16,8,153,17,2,0,1,1,4,8.2,8.2,0,0,0,0,1157
214,Unown N,11,0,55,0,3,0,35,16,8,16,8,153,15,2,0,1,1,4,8.2,8.2,0,0,0,0,1157
215,Unown O,11,0,55,0,3,0,35,16,8,16,8,153,19,2,0,1,1,4,8.2,8.2,0,0,0,0,1157
216,Unown P,11,0,55,0,3,0,35,16,8,16,8,153,9,2,0,1,1,4,8.2,8.2,0,0,0,0,1157
217,Unown Q,11,0,55,0,3,0,35,16,8,16,8,153,8,2,0,1,1,4,8.2,8.2,0,0,0,0,1157
218,Unown R,11,0,55,0,3,0,35,16,8,16,8,153,9,2,0,1,1,4,8.2,8.2,0,0,0,0,1157
219,Unown S,11,0,55,0,3,0,35,16,8,16,8,153,12,2,0,1,1,4,8.2,8.2,0,0,0,0,1157
220,Unown T,11,0,55,0,3,0,35,16,8,16,8,153,10,2,0,1,1,4,8.2,8.2,0,0,0,0,1157
221,Unown U,11,0,55,0,3,0,35,16,8,16,8,153,15,2,0,1,1,4,8.2,8.2,0,0,0,0,1157
222,Unown V,11,0,55,0,3,0,35,16,8,16,8,153,12,2,0,1,1,4,8.2,8.2,0,0,0,0,1157
223,Unown W,11,0,55,0,3,0,35,16,8,16,8,153,11,2,0,1,1,4,8.2,8.2,0,0,0,0,1157
224,Unown X,11,0,55,0,3,0,35,16,8,16,8,153,9,2,0,1,1,4,8.2,8.2,0,0,0,0,1157
225,Unown Y,11,0,55,0,3,0,35,16,8,16,8,153,11,2,0,1,1,4,8.2,8.2,0,0,0,0,1157
226,Unown Z,11,0,55,0,3,0,35,16,8,16,8,153,9,2,0,1,1,4,8.2,8.2,0,0,0,0,1157
227,Unown !,11,0,55,0,3,0,35,16,8,16,8,153,11,2,0,1,1,4,8.2,8.2,0,0,0,0,1157
228,Unown ?,11,0,55,0,3,0,35,16,8,16,8,153,12,2,0,1,1,4,8.2,8.2,0,0,0,0,1157
229,Wobbuffet,11,0,10,0,1,2,35,6,10,6,10,179,30,0,4,1,1,33,-12.0,-12.0,0,886,887,888,889
230,Girafarig,1,11,31,47,1,2,39,15,8,15,8,230,26,0,5,1,1,90,6.4,12.8,0,0,0,0,1158
231,Pineco,12,0,13,0,1,2,30,12,6,12,5,153,22,0,4,1,1,48,8.2,16.4,0,0,0,0,1159
232,Forretress,12,17,13,0,1,2,30,11,6,11,6,332,32,0,4,1,1,116,0.5,1.0,0,0,0,0,1160
233,Dunsparce,1,0,38,43,1,2,23,12,10,12,10,153,21,0,0,1,1,62,6.4,12.8,0,0,0,0,1161
234,Gligar,9,10,9,29,1,2,44,25,13,19,17,281,47,2,2,1,1,54,8.2,8.2,0,0,0,0,1162
235,Steelix,17,9,7,13,1,2,35,17,25,5,12,358,94,0,4,4,1,115,-10.0,-10.0,0,0,0,0,1163
236,Snubbull,1,0,6,43,1,2,37,16,11,18,11,153,30,0,1,1,1,78,6.4,12.8,0,0,0,0,1164
237,Granbull,1,0,6,109,1,2,37,21,12,19,11,230,37,0,1,1,1,86,0.5,1.0,0,0,0,0,1165
238,Qwilfish,3,8,39,27,1,2,35,9,9,9,9,153,14,5,2,1,1,82,6.9,6.9,0,0,0,0,1166
239,Scizor,12,17,67,100,1,2,40,15,13,19,14,332,48,0,3,1,1,97,-12.0,-12.0,0,758,759,760,761
240,Shuckle,12,13,13,89,1,2,10,5,20,5,20,179,29,0,4,1,1,75,8.2,16.4,0,0,0,0,1167
241,Heracross,12,7,67,17,1,2,25,11,4,15,4,256,37,0,2,1,1,52,6.4,6.4,0,0,0,0,1168
242,Sneasel,16,6,31,30,1,2,35,15,11,11,11,179,36,0,5,1,1,4,6.4,6.4,0,806,807,808,809
243,Teddiursa,1,0,71,109,1,2,27,18,11,14,11,153,26,0,1,1,1,50,8.2,8.2,0,814,815,816,817
244,Ursaring,1,0,17,109,1,2,31,16,10,12,10,332,54,0,1,1,1,94,-12.0,-12.0,0,818,819,820,821
245,Slugma,2,0,65,62,1,2,36,17,9,17,9,204,23,4,4,1,1,55,8.2,16.4,0,0,0,0,1169
246,Magcargo,2,13,65,62,1,2,30,12,8,12,8,256,30,4,4,1,1,71,0.5,0.5,0,0,0,0,1170
247,Swinub,6,9,41,119,1,2,20,18,7,17,7,153,20,0,0,1,1,67,8.2,16.4,0,0,0,0,1171
248,Piloswine,6,9,41,119,1,2,15,17,6,15,6,256,37,0,0,1,1,78,-12.0,-12.0,0,0,0,0,1172
249,Corsola,3,13,48,20,1,2,11,4,3,4,3,153,23,5,4,1,1,12,8.2,16.4,0,0,0,0,1173
250,Remoraid,3,0,48,93,1,2,24,15,3,15,3,153,13,5,2,1,1,68,8.2,8.2,0,0,0,0,1174
251,Octillery,3,0,14,93,1,2,23,15,3,15,3,179,40,5,2,1,1,142,-12.0,-12.0,0,0,0,0,1175
252,Delibird,6,10,73,48,1,2,40,12,12,12,8,153,39,0,1,1,1,112,8.2,8.2,0,0,0,0,1176
253,Mantine,3,10,27,36,1,2,45,18,16,18,20,358,86,2,7,2,1,142,8.2,8.2,0,990,991,992,993
254,Skarmory,17,10,30,13,1,2,19,15,10,15,4,256,50,0,2,1,1,112,8.2,16.4,0,0,0,0,1177
255,Houndour,16,2,47,72,1,2,30,13,9,16,9,153,21,4,2,1,1,65,8.2,16.4,0,0,0,0,1178
256,Houndoom,16,2,47,72,1,2,30,12,12,11,11,204,31,4,2,1,1,97,-4.5,-4.5,0,0,0,0,1179
257,Kingdra,3,15,27,93,1,2,17,6,6,9,5,332,28,5,2,1,1,109,-12.0,-12.0,0,0,0,0,1180
258,Phanpy,9,0,71,0,1,2,22,2,2,3,3,204,21,0,4,1,1,9,8.2,8.2,0,1006,1007,1008,1009
259,Donphan,9,0,13,0,1,2,22,2,2,3,3,332,37,0,4,1,1,9,0.5,1.0,0,1010,1011,1012,1013
260,Porygon2,1,0,40,96,3,0,44,21,12,22,13,204,21,5,4,1,1,98,5.0,10.0,0,0,0,0,1181
261,Stantler,1,0,6,82,1,2,25,6,3,9,4,307,31,0,6,1,1,63,6.4,12.8,0,0,0,0,1182
262,Smeargle,1,0,64,100,1,2,24,6,2,9,4,256,35,0,5,1,1,63,6.8,13.6,0,0,0,0,1183
263,Tyrogue,7,0,17,112,1,0,42,17,13,17,13,179,26,0,2,1,1,48,6.4,6.4,0,822,823,824,452
264,Hitmontop,7,0,6,100,1,0,40,16,12,6,12,230,35,0,2,1,1,122,-12.0,-12.0,0,0,0,0,455
265,Smoochum,6,11,41,121,2,0,30,12,12,10,10,153,24,0,6,1,1,127,6.4,6.4,0,826,827,828,829
266,Elekid,5,0,32,0,1,2,28,15,4,15,4,179,41,0,2,1,1,91,8.2,16.4,0,834,835,836,837
267,Magby,2,0,62,0,1,2,32,16,4,17,7,179,28,4,2,1,1,76,8.2,16.4,0,846,847,848,849
268,Miltank,1,0,2,87,2,0,25,11,13,12,12,307,37,0,7,1,1,99,8.2,8.2,0,0,0,0,1184
269,Blissey,1,0,20,38,2,0,40,8,10,8,12,230,48,0,7,1,1,205,-12.0,-12.0,0,962,963,964,965
270,Raikou,5,0,57,0,3,0,40,5,5,10,12,332,52,0,3,2,1,138,5.0,5.0,1,0,0,0,477
271,Entei,2,0,57,0,3,0,42,8,10,8,10,332,61,4,3,2,1,138,6.4,6.4,1,0,0,0,478
272,Suicune,3,0,57,0,3,0,45,7,4,7,4,332,65,5,3,2,1,138,30.0,30.0,1,0,0,0,479
273,Larvitar,13,9,17,0,1,2,40,24,10,20,10,307,21,0,2,1,1,51,8.2,16.4,0,0,0,0,1185
274,Pupitar,13,9,33,0,1,2,43,13,5,10,5,332,29,0,2,1,1,94,0.5,1.0,0,0,0,0,1186
275,Tyranitar,13,16,28,0,1,2,48,19,8,10,9,358,43,0,2,1,1,104,-12.0,-12.0,0,0,0,0,1187
276,Lugia,11,10,57,0,3,0,45,23,18,24,18,358,122,5,5,4,1,295,10.0,10.0,1,0,0,0,480
277,Ho-Oh,2,10,57,0,3,0,55,11,9,12,6,332,225,2,3,4,1,180,10.0,10.0,1,0,0,0,481
278,Celebi,11,4,20,0,3,0,40,10,5,10,5,153,23,2,1,1,1,119,20.0,20.0,1,0,0,0,482
279,Celebi (Shiny),11,4,20,0,3,0,40,10,5,10,5,153,23,2,1,1,1,119,20.0,20.0,1,0,0,0,482
280,Treecko,4,0,26,0,1,2,25,3,3,4,3,153,24,0,3,1,1,6,8.2,8.2,0,666,667,668,669
281,Grovyle,4,0,26,0,1,2,25,3,3,4,3,179,29,0,3,1,1,47,-10.0,-10.0,0,670,671,672,673
282,Sceptile,4,0,26,0,1,2,25,3,3,4,3,256,34,0,3,1,1,105,-12.0,-12.0,0,674,675,676,677
283,Torchic,2,0,70,0,1,2,25,4,3,4,3,153,21,4,2,1,1,2,8.2,8.2,0,678,679,680,681
284,Combusken,2,7,70,0,1,2,25,4,3,4,3,153,27,4,2,1,1,82,-10.0,-10.0,0,682,683,684,685
285,Blaziken,2,7,70,0,1,2,25,4,3,4,3,256,36,4,2,1,1,112,-12.0,-12.0,0,686,687,688,689
286,Mudkip,3,0,16,0,1,2,26,4,3,4,3,153,17,5,5,1,1,8,8.2,8.2,0,690,691,692,693
287,Marshtomp,3,9,16,0,1,2,26,4,3,4,3,179,25,5,5,1,1,87,-10.0,-10.0,0,694,695,696,697
288,Swampert,3,9,16,0,1,2,26,4,3,4,3,332,40,5,5,1,1,151,-12.0,-12.0,0,698,699,700,701
289,Poochyena,16,0,43,109,1,2,26,9,5,9,5,153,21,0,3,1,1,38,8.2,8.2,0,0,0,0,1188
290,Mightyena,16,0,6,109,1,2,22,14,3,19,2,204,28,0,3,1,1,97,-4.5,-4.5,0,0,0,0,1189
291,Zigzagoon,1,0,71,89,1,2,24,6,2,9,4,153,24,0,3,1,1,57,8.2,16.4,0,0,0,0,1190
292,Linoone,1,0,71,89,1,2,22,6,2,9,4,204,30,0,3,1,1,78,0.5,1.0,0,0,0,0,1191
293,Wurmple,12,0,76,0,1,2,10,4,5,6,5,153,18,0,0,1,1,14,6.4,6.4,0,0,0,0,1192
294,Silcoon,12,0,33,0,1,2,30,14,6,17,6,153,23,0,0,1,0,44,-10.0,-10.0,0,0,0,0,1193
295,Beautifly,12,10,67,0,1,2,34,9,8,9,8,179,48,2,0,1,1,52,0.5,1.0,0,0,0,0,1194
296,Cascoon,12,0,33,0,1,2,28,17,6,16,6,153,24,0,0,1,0,34,-10.0,-10.0,0,0,0,0,1195
297,Dustox,12,8,76,0,1,2,23,12,6,12,6,204,43,2,0,1,1,51,0.5,0.5,0,0,0,0,1196
298,Lotad,3,4,27,3,1,2,31,11,5,11,5,153,23,5,6,1,1,32,6.4,12.8,0,0,0,0,1197
299,Lombre,3,4,27,3,1,2,28,5,7,6,8,204,41,5,6,1,1,138,-4.5,-4.5,0,0,0,0,1198
300,Ludicolo,3,4,27,3,1,2,35,16,13,16,12,256,49,5,6,1,1,165,-12.0,-12.0,0,0,0,0,1199
301,Seedot,4,0,74,47,1,2,26,17,15,17,15,153,23,0,2,1,1,18,8.2,8.2,0,0,0,0,1200
302,Nuzleaf,4,16,74,47,1,2,25,20,15,20,15,179,32,0,2,1,1,48,0.5,0.5,0,0,0,0,1201
303,Shiftry,4,16,74,47,1,2,24,20,11,19,13,256,44,0,2,1,1,104,-12.0,-12.0,0,0,0,0,1202
304,Taillow,1,10,17,0,1,2,25,20,15,13,14,153,15,0,3,1,1,9,6.4,6.4,0,0,0,0,1203
305,Swellow,1,10,17,0,1,2,25,15,20,10,19,153,22,0,3,1,1,23,0.5,0.5,0,0,0,0,1204
306,Wingull,3,10,30,0,1,2,17,9,5,9,0,153,25,2,3,1,1,53,6.4,12.8,0,0,0,0,1205
307,Pelipper,3,10,30,0,1,2,20,7,8,6,5,179,29,2,3,1,1,96,-12.0,-12.0,0,0,0,0,1206
308,Ralts,11,0,25,40,1,2,36,13,13,17,13,153,17,0,5,1,1,48,5.0,10.0,0,0,0,0,1207
309,Kirlia,11,0,25,40,1,2,35,12,13,16,13,179,24,0,5,1,1,69,0.5,1.0,0,0,0,0,1208
310,Gardevoir,11,0,25,40,1,2,34,11,13,15,13,230,29,0,5,1,1,83,-10.0,-10.0,0,0,0,0,1209
311,Surskit,12,3,27,0,1,2,33,14,9,14,9,153,16,5,3,1,1,32,6.4,12.8,0,0,0,0,1210
312,Masquerain,12,10,6,0,1,2,31,13,9,13,9,153,32,2,3,1,1,66,-10.0,-10.0,0,0,0,0,1211
313,Shroomish,4,0,61,114,1,2,30,16,7,13,6,153,22,0,2,1,1,57,6.4,12.8,0,0,0,0,1212
314,Breloom,4,7,61,114,1,2,35,16,12,13,11,204,33,0,2,1,1,67,0.5,1.0,0,0,0,0,1213
315,Slakoth,1,0,42,0,1,2,43,25,15,20,15,179,31,0,2,1,1,87,8.2,8.2,0,0,0,0,1214
316,Vigoroth,1,0,73,0,1,2,43,24,15,20,17,230,38,0,2,1,1,112,-10.0,-10.0,0,0,0,0,1215
317,Slaking,1,0,42,0,1,2,40,23,16,20,14,332,45,0,2,1,1,113,-12.0,-12.0,0,0,0,0,1216
318,Nincada,12,9,51,0,1,2,22,14,8,14,8,153,18,0,3,1,1,70,6.4,12.8,0,0,0,0,1217
319,Ninjask,12,10,11,0,1,2,22,14,8,13,7,153,40,2,3,1,1,94,0.5,1.0,0,0,0,0,1218
320,Shedinja,12,14,53,0,3,0,1,27,8,26,7,153,28,3,3,1,1,2,-12.0,-12.0,0,0,0,0,1219
321,Whismur,1,0,60,0,1,2,15,5,10,3,5,153,26,0,1,1,1,71,8.2,8.2,0,0,0,0,1220
322,Loudred,1,0,60,0,1,2,15,8,9,2,3,230,42,0,1,1,1,98,-10.0,-10.0,0,0,0,0,1221
323,Exploud,1,0,60,0,1,2,15,8,8,1,4,332,50,0,1,1,1,114,-12.0,-12.0,0,0,0,0,1222
324,Makuhita,7,0,2,17,1,2,45,25,10,10,10,332,37,0,4,1,1,92,4.0,4.0,0,0,0,0,1223
325,Hariyama,7,0,2,17,1,2,40,23,8,8,10,358,55,0,4,1,1,107,-12.0,-12.0,0,0,0,0,1224
326,Azurill,1,0,2,34,1,2,22,10,12,10,17,153,23,5,3,1,1,127,8.2,8.2,0,858,859,860,861
327,Nosepass,13,0,13,23,1,2,43,15,18,13,20,332,34,0,4,1,1,66,6.4,6.4,0,0,0,0,1225
328,Skitty,1,0,68,107,1,2,30,4,3,4,3,153,26,0,6,1,1,13,6.4,6.4,0,702,703,704,705
329,Delcatty,1,0,68,107,1,2,30,4,3,4,3,204,30,0,6,1,1,91,-12.0,-12.0,0,706,707,708,709
330,Sableye,16,14,30,78,1,2,20,8,10,8,8,153,31,0,2,1,1,110,8.2,16.4,0,0,0,0,1226
331,Mawile,17,0,9,6,1,2,44,20,11,18,11,153,31,0,2,1,1,87,6.4,12.8,0,0,0,0,1227
332,Aron,17,13,13,7,1,2,32,11,17,11,14,281,20,0,4,1,1,49,6.4,12.8,0,0,0,0,1228
333,Lairon,17,13,13,7,1,2,35,11,15,11,13,332,35,0,4,1,1,86,0.5,1.0,0,0,0,0,1229
334,Aggron,17,13,13,7,1,2,24,5,10,5,10,358,64,0,4,1,1,122,-10.0,-10.0,0,0,0,0,1230
335,Meditite,7,11,75,0,1,2,25,13,8,13,8,153,29,2,2,1,1,49,5.5,5.5,0,0,0,0,1231
336,Medicham,7,11,75,0,1,2,25,13,8,13,8,204,31,0,2,1,1,91,-12.0,-12.0,0,0,0,0,1232
337,Electrike,5,0,32,50,1,2,30,15,7,17,7,153,25,0,5,1,1,86,6.4,12.8,0,0,0,0,1233
338,Manectric,5,0,32,50,1,2,32,15,10,20,10,230,27,0,5,1,1,126,-10.0,-10.0,0,0,0,0,1234
339,Plusle,5,0,56,0,1,2,42,11,13,12,13,153,20,0,1,1,1,83,8.2,16.4,0,870,871,872,873
340,Minun,5,0,63,0,1,2,30,24,14,23,14,153,20,0,1,1,1,83,8.2,16.4,0,874,875,876,877
341,Volbeat,12,0,46,67,1,0,36,12,8,11,9,153,38,0,5,1,1,80,8.2,16.4,0,0,0,0,1235
342,Illumise,12,0,41,80,2,0,24,17,3,9,7,153,31,0,5,1,1,85,8.2,16.4,0,0,0,0,1236
343,Roselia,4,8,20,39,1,2,45,12,16,12,16,153,31,0,7,1,1,28,6.4,6.4,0,0,0,0,1237
344,Gulpin,8,0,58,44,1,2,40,9,9,9,9,153,22,0,6,1,1,52,6.9,6.9,0,0,0,0,1238
345,Swalot,8,0,58,44,1,2,35,13,13,13,12,332,44,0,6,1,1,101,-12.0,-12.0,0,0,0,0,1239
346,Carvanha,3,16,18,0,1,2,40,16,13,13,13,179,27,5,6,1,1,169,0.5,0.5,0,0,0,0,1240
347,Sharpedo,3,16,18,0,1,2,45,16,12,13,12,332,28,5,6,1,1,115,-12.0,-12.0,0,0,0,0,1241
348,Wailmer,3,0,66,41,1,2,50,10,10,10,10,332,40,5,4,1,1,129,4.0,4.0,0,0,0,0,1242
349,Wailord,3,0,66,41,1,2,40,15,13,15,13,358,167,5,4,4,1,153,-12.0,-12.0,0,0,0,0,1243
350,Numel,2,9,41,97,1,2,30,27,13,25,12,179,22,4,4,1,1,76,6.4,12.8,0,0,0,0,1244
351,Camerupt,2,9,65,108,1,2,28,25,12,24,11,358,37,4,4,1,1,79,-12.0,-12.0,0,0,0,0,1245
352,Torkoal,2,0,24,0,1,2,37,15,17,14,18,332,28,4,4,1,1,79,6.4,6.4,0,0,0,0,1246
353,Spoink,11,0,2,64,1,2,35,10,6,10,6,204,24,0,5,1,1,85,6.4,6.4,0,0,0,0,1247
354,Grumpig,11,0,2,64,1,2,38,12,5,12,4,307,37,0,5,1,1,116,-10.0,-10.0,0,0,0,0,1248
355,Spinda,1,0,64,98,1,2,35,9,9,9,10,153,34,0,6,1,1,78,6.4,6.4,0,0,0,0,1249
356,Trapinch,9,0,9,5,1,2,30,15,7,15,7,153,19,0,3,1,1,77,8.2,16.4,0,0,0,0,1250
357,Vibrava,9,15,55,0,1,2,27,16,10,16,10,153,36,2,3,1,1,126,0.5,1.0,0,0,0,0,1251
358,Flygon,9,15,55,0,1,2,26,10,2,7,2,332,47,2,3,1,1,84,-12.0,-12.0,0,0,0,0,1252
359,Cacnea,4,0,29,0,1,2,25,13,6,13,6,256,32,0,2,1,1,75,6.4,12.8,0,0,0,0,1253
360,Cacturne,4,16,29,0,1,2,25,12,5,13,5,307,49,0,2,1,1,80,0.5,1.0,0,0,0,0,1254
361,Swablu,1,10,20,0,1,2,44,13,11,15,12,153,26,2,7,1,1,107,6.4,6.4,0,0,0,0,1255
362,Altaria,15,10,20,0,1,2,46,13,11,15,12,179,35,0,7,1,1,104,-12.0,-12.0,0,0,0,0,1256
363,Zangoose,1,0,69,0,1,2,46,12,8,12,10,230,41,0,2,1,1,114,6.4,6.4,0,0,0,0,1257
364,Seviper,8,0,33,0,1,2,31,11,1,8,2,256,30,0,2,1,1,113,6.4,12.8,0,0,0,0,1258
365,Lunatone,13,11,55,0,3,0,35,10,8,10,10,332,20,2,5,1,1,98,6.4,12.8,0,0,0,0,1259
366,Solrock,13,11,55,0,3,0,62,12,27,32,30,332,28,2,5,1,1,102,6.4,12.8,0,0,0,0,1260
367,Barboach,3,9,41,86,1,2,25,10,0,14,3,153,17,5,1,1,1,32,8.2,16.4,0,0,0,0,1261
368,Whiscash,3,9,41,86,1,2,20,8,0,11,2,179,38,5,1,1,1,38,0.5,1.0,0,0,0,0,1262
369,Corphish,3,0,9,19,1,2,35,20,15,20,15,153,29,5,1,1,1,92,8.2,8.2,0,0,0,0,1263
370,Crawdaunt,3,16,9,19,1,2,40,25,17,20,16,204,37,5,1,1,1,133,-12.0,-12.0,0,0,0,0,1264
371,Baltoy,9,11,55,0,3,0,23,10,8,10,8,179,22,2,5,1,1,75,5.6,11.2,0,0,0,0,1265
372,Claydol,9,11,55,0,3,0,27,8,7,6,8,332,33,2,5,1,1,110,0.5,1.0,0,0,0,0,1266
373,Lileep,13,4,14,0,1,2,14,10,5,10,5,179,32,5,5,1,1,15,6.4,12.8,0,0,0,0,1267
374,Cradily,13,4,14,0,1,2,14,5,3,8,5,281,36,5,5,1,1,76,-4.5,-4.5,0,0,0,0,1268
375,Anorith,13,12,12,0,1,2,13,11,5,11,5,153,33,5,4,1,1,15,8.2,16.4,0,0,0,0,1269
376,Armaldo,13,12,12,0,1,2,10,11,5,11,5,281,39,0,4,1,1,117,-4.5,-4.5,0,0,0,0,1270
377,Feebas,3,0,27,0,1,2,30,10,10,10,10,153,19,5,7,1,1,50,8.2,8.2,0,0,0,0,1271
378,Milotic,3,0,52,0,1,2,30,10,10,10,10,332,119,5,7,4,1,188,-12.0,-12.0,0,0,0,0,1272
379,Castform,1,0,37,0,1,2,40,10,4,10,4,153,12,0,6,4,1,51,6.4,6.4,0,878,879,880,881
380,Castform (Snowy Form),1,0,37,0,1,2,40,10,4,10,4,153,30,0,6,4,1,51,6.4,6.4,0,878,879,880,881
381,Castform (Sunny Form),1,0,37,0,1,2,40,10,4,10,4,153,29,0,6,4,1,51,6.4,6.4,0,878,879,880,881
382,Castform (Rainy Form),1,0,37,0,1,2,40,10,4,10,4,153,24,0,6,4,1,51,6.4,6.4,0,878,879,880,881
383,Kecleon,1,0,59,0,1,2,1,1,1,1,1,179,31,0,6,1,1,1,-49.5,-49.5,0,0,0,0,1273
384,Kecleon (Purple),1,0,59,0,1,0,1,1,1,1,1,179,31,0,6,1,1,1,-49.5,-49.5,0,0,0,0,1273
385,Shuppet,14,0,54,82,1,2,46,15,15,15,15,153,20,3,5,1,1,49,6.4,6.4,0,0,0,0,1274
386,Banette,14,0,54,82,1,2,29,8,9,8,9,153,28,3,5,1,1,109,-10.0,-10.0,0,0,0,0,1275
387,Duskull,14,0,55,0,1,2,40,9,9,8,6,153,32,3,5,1,1,100,6.4,6.4,0,0,0,0,1276
388,Dusclops,14,0,57,0,1,2,40,9,9,8,6,204,45,0,5,1,1,112,-10.0,-10.0,0,0,0,0,1277
389,Tropius,4,10,74,90,1,2,34,10,7,3,6,332,41,0,4,1,1,102,6.4,12.8,0,0,0,0,1278
390,Chimecho,11,0,55,0,1,2,21,12,6,10,6,153,16,2,1,1,1,80,6.9,6.9,0,0,0,0,1279
391,Absol,16,0,57,88,1,2,46,25,10,20,14,230,33,0,2,1,1,99,6.8,13.6,0,0,0,0,1280
392,Wynaut,11,0,10,0,1,2,33,6,17,6,17,153,24,0,4,1,1,40,8.2,8.2,0,882,883,884,885
393,Snorunt,6,0,31,77,1,2,32,4,13,4,13,153,26,0,0,1,1,97,6.4,6.4,0,0,0,0,1281
394,Glalie,6,0,31,77,1,2,41,9,12,10,11,358,47,0,0,1,1,100,0.5,1.0,0,0,0,0,1282
395,Spheal,6,3,2,77,1,2,25,12,8,12,8,204,22,5,4,1,1,46,8.2,16.4,0,0,0,0,1283
396,Sealeo,6,3,2,77,1,2,25,12,6,12,6,332,29,5,4,1,1,50,0.5,1.0,0,0,0,0,1284
397,Walrein,6,3,2,77,1,2,25,5,10,5,10,332,38,5,4,1,1,95,0.5,1.0,0,0,0,0,1285
398,Clamperl,3,0,19,0,1,2,35,10,13,12,13,256,35,5,5,1,1,105,8.2,8.2,0,0,0,0,1286
399,Huntail,3,0,27,0,1,2,30,10,12,10,12,179,33,5,5,1,1,117,-12.0,-12.0,0,0,0,0,1287
400,Gorebyss,3,0,27,0,1,2,29,19,10,20,11,179,19,5,5,1,1,100,-12.0,-12.0,0,0,0,0,1288
401,Relicanth,3,13,27,7,1,2,30,9,9,9,9,179,30,5,4,1,1,89,6.4,6.4,0,0,0,0,1289
402,Luvdisc,3,0,27,0,1,2,40,8,8,9,9,153,14,5,3,1,1,109,8.2,8.2,0,0,0,0,1290
403,Bagon,15,0,7,0,1,2,33,11,9,10,7,230,28,0,4,1,1,104,6.4,12.8,0,0,0,0,1291
404,Shelgon,15,0,7,0,1,2,45,12,10,12,18,332,41,0,4,1,1,119,0.5,1.0,0,0,0,0,1292
405,Salamence,15,10,6,0,1,2,44,10,4,14,23,332,92,0,4,2,1,117,-10.0,-10.0,0,0,0,0,1293
406,Beldum,17,11,15,0,3,0,46,18,16,15,16,332,23,2,4,1,1,109,6.4,12.8,0,0,0,0,1294
407,Metang,17,11,15,0,3,0,42,18,15,14,14,358,47,2,4,1,1,116,0.5,1.0,0,0,0,0,1295
408,Metagross,17,11,15,0,3,0,40,18,15,14,14,358,59,0,4,1,1,108,-10.0,-10.0,0,0,0,0,1296
409,Regirock,13,0,15,0,3,0,30,10,20,10,10,358,60,0,4,2,1,119,-12.0,-12.0,1,0,0,0,483
410,Regice,6,0,15,0,3,0,30,10,10,18,18,332,49,0,4,2,1,119,-12.0,-12.0,1,0,0,0,484
411,Registeel,17,0,15,0,3,0,30,10,18,10,18,358,53,0,4,2,1,119,-12.0,-12.0,1,0,0,0,485
412,Latias,15,11,55,0,2,0,50,15,15,23,15,230,37,2,3,2,1,119,0.1,0.1,1,0,0,0,486
413,Latios,15,11,55,0,1,0,50,20,15,24,15,281,57,2,3,2,1,119,0.1,0.1,1,0,0,0,487
414,Kyogre,3,0,4,0,3,0,50,10,10,25,10,358,124,5,4,4,1,162,30.0,30.0,1,0,0,0,488
415,Groudon,9,0,49,0,3,0,55,25,12,15,12,358,107,4,4,4,1,140,-10.0,-10.0,1,0,0,0,489
416,Rayquaza,15,10,8,0,3,0,50,25,15,25,15,358,156,2,3,4,1,144,-10.0,-10.0,1,0,0,0,490
417,Jirachi,17,11,38,0,3,0,30,10,10,15,10,153,31,2,1,1,1,147,-12.0,-12.0,1,0,0,0,491
418,Deoxys (Normal Forme),11,0,57,0,3,0,45,25,18,22,18,281,54,2,5,1,1,80,-10.0,-10.0,1,0,0,0,492
419,Deoxys (Attack Forme),11,0,57,0,3,0,45,25,10,22,10,281,51,2,5,1,1,80,-10.0,-10.0,1,0,0,0,492
420,Deoxys (Defense Forme),11,0,57,0,3,0,45,21,25,22,21,281,63,2,5,1,1,80,-10.0,-10.0,1,0,0,0,492
421,Deoxys (Speed Forme),11,0,57,0,3,0,45,25,18,22,18,281,39,2,5,1,1,80,-10.0,-10.0,1,0,0,0,492
422,Turtwig,4,0,26,0,1,2,20,5,3,5,3,153,18,0,4,1,1,7,8.2,8.2,0,710,711,712,713
423,Grotle,4,0,26,0,1,2,20,5,3,5,3,332,34,0,4,1,1,14,-10.0,-10.0,0,714,715,716,717
424,Torterra,4,9,26,0,1,2,20,5,3,5,3,358,64,0,4,1,1,108,-12.0,-12.0,0,718,719,720,721
425,Chimchar,2,0,70,0,1,2,22,4,3,4,5,153,17,4,2,1,1,7,8.2,8.2,0,722,723,724,725
426,Monferno,2,7,70,0,1,2,22,4,3,4,5,179,31,4,2,1,1,31,-10.0,-10.0,0,726,727,728,729
427,Infernape,2,7,70,0,1,2,22,4,3,4,5,256,39,4,2,1,1,93,-12.0,-12.0,0,730,731,732,733
428,Piplup,3,0,16,0,1,2,23,3,5,4,4,153,21,5,5,1,1,7,8.2,8.2,0,734,735,736,737
429,Prinplup,3,0,16,0,1,2,23,3,5,4,4,179,31,5,5,1,1,31,-10.0,-10.0,0,738,739,740,741
430,Empoleon,3,17,16,0,1,2,23,3,5,4,4,332,45,5,5,1,1,109,-12.0,-12.0,0,742,743,744,745
431,Starly,1,10,30,0,1,2,23,15,6,15,5,153,15,0,3,1,1,27,8.2,16.4,0,0,0,0,1297
432,Staravia,1,10,6,0,1,2,20,14,5,14,4,153,21,0,3,1,1,77,8.2,8.2,0,0,0,0,1298
433,Staraptor,1,10,6,0,1,2,20,13,4,13,3,179,30,0,3,1,1,71,1.5,1.5,0,0,0,0,1299
434,Bidoof,1,0,97,103,1,2,30,9,9,9,9,179,26,0,5,1,1,119,8.2,8.2,0,890,891,892,893
435,Bibarel,1,3,97,103,1,2,40,9,9,9,9,204,38,5,5,1,1,95,3.5,3.5,0,894,895,896,897
436,Kricketot,12,0,33,0,1,2,18,13,5,14,5,153,28,0,6,1,1,20,8.2,16.4,0,0,0,0,1300
437,Kricketune,12,0,67,0,1,2,20,11,9,12,9,179,38,0,6,1,1,71,4.5,9.0,0,0,0,0,1301
438,Shinx,5,0,104,6,1,2,21,2,2,2,2,153,30,0,2,1,1,10,8.2,8.2,0,898,899,900,901
439,Luxio,5,0,104,6,1,2,21,2,2,2,2,204,37,0,2,1,1,40,0.5,0.5,0,902,903,904,905
440,Luxray,5,0,104,6,1,2,21,2,2,2,2,230,43,0,2,1,1,101,-12.0,-12.0,0,906,907,908,909
441,Budew,4,8,20,39,1,2,25,12,7,12,7,153,15,0,7,1,1,41,8.2,16.4,0,0,0,0,1302
442,Roserade,4,8,20,39,1,2,40,16,15,21,15,153,42,0,7,1,1,89,-12.0,-12.0,0,0,0,0,1303
443,Cranidos,13,0,83,0,1,2,41,12,9,18,9,204,24,0,2,1,1,114,8.2,16.4,0,0,0,0,1304
444,Rampardos,13,0,83,0,1,2,33,3,8,16,8,332,37,0,2,1,1,94,1.5,3.0,0,0,0,0,1305
445,Shieldon,13,17,13,0,1,2,24,12,9,12,9,256,21,0,4,1,1,101,8.2,16.4,0,0,0,0,1306
446,Bastiodon,13,17,13,0,1,2,25,10,16,9,16,332,31,0,4,1,1,113,1.5,3.0,0,0,0,0,1307
447,Burmy (Sandy Cloak),12,0,33,0,1,2,15,10,3,10,3,153,17,0,6,1,1,46,8.2,16.4,0,0,0,0,1308
448,Burmy (Plant Cloak),12,0,33,0,1,2,15,10,3,10,3,153,18,0,6,1,1,46,8.2,16.4,0,0,0,0,1308
449,Burmy (Trash Cloak),12,0,33,0,1,2,15,10,3,10,3,153,19,0,6,1,1,46,8.2,16.4,0,0,0,0,1308
450,Wormadam (Sandy Cloak),12,9,86,0,2,0,20,15,1,13,3,153,24,0,6,1,1,100,8.2,16.4,0,0,0,0,1309
451,Wormadam (Plant Cloak),12,4,86,0,2,0,20,15,1,13,3,153,23,0,6,1,1,100,8.2,16.4,0,0,0,0,1309
452,Wormadam (Trash Cloak),12,17,86,0,2,0,20,15,1,13,3,153,23,0,6,1,1,100,8.2,16.4,0,0,0,0,1309
453,Mothim,12,10,67,0,1,0,33,18,5,18,5,179,36,2,6,1,1,112,8.2,16.4,0,0,0,0,1310
454,Combee,12,10,117,0,1,2,25,13,7,13,7,153,18,2,0,1,1,48,6.4,12.8,0,0,0,0,1311
455,Vespiquen,12,10,57,0,2,0,20,12,0,11,2,204,42,2,0,1,1,105,-4.5,-4.5,0,0,0,0,1312
456,Pachirisu,5,0,43,71,1,2,19,8,5,8,7,153,26,0,1,1,1,65,8.2,16.4,0,910,911,912,913
457,Buizel,3,0,27,0,1,2,25,19,10,16,10,179,25,5,5,1,1,37,8.2,8.2,0,914,915,916,917
458,Floatzel,3,0,27,0,1,2,18,18,9,16,6,204,36,5,5,1,1,81,0.5,1.0,0,918,919,920,921
459,Cherubi,4,0,74,0,1,2,23,10,6,13,8,153,21,0,1,1,1,74,8.2,16.4,0,930,931,932,933
460,Cherrim (Overcast Form),4,0,113,0,1,2,21,7,3,12,4,153,17,0,1,2,1,74,1.5,3.0,0,934,935,936,937
461,Cherrim (Sunshine Form),4,0,113,0,1,2,21,7,3,12,4,153,23,0,1,2,1,74,1.5,3.0,0,934,935,936,937
462,Shellos (East Sea),3,0,44,122,1,2,9,4,4,5,4,153,14,5,4,1,1,15,6.4,12.8,0,0,0,0,1313
463,Shellos (West Sea),3,0,44,122,1,2,9,4,4,5,4,153,13,5,4,1,1,15,6.4,12.8,0,0,0,0,1313
464,Gastrodon (East Sea),3,9,44,122,1,2,25,14,7,14,7,179,30,5,4,1,1,53,8.2,16.4,0,0,0,0,1314
465,Gastrodon (West Sea),3,9,44,122,1,2,25,14,7,14,7,179,30,5,4,1,1,83,8.2,16.4,0,0,0,0,1314
466,Ambipom,1,0,100,71,1,2,48,13,12,13,12,179,18,0,5,1,1,79,8.2,8.2,0,0,0,0,1315
467,Drifloon,14,10,118,84,1,2,35,15,10,15,10,153,19,2,6,1,1,63,2.5,5.0,0,922,923,924,925
468,Drifblim,14,10,118,84,1,2,31,16,9,16,9,153,41,2,6,1,1,111,2.5,5.0,0,926,927,928,929
469,Buneary,1,0,43,111,1,2,24,15,5,18,5,153,30,0,3,1,1,65,8.2,16.4,0,0,0,0,1316
470,Lopunny,1,0,68,111,1,2,20,13,5,16,5,204,42,0,3,1,1,130,-12.0,-12.0,0,0,0,0,1317
471,Mismagius,14,0,55,0,1,2,46,14,8,15,8,153,29,3,6,1,1,100,8.2,16.4,0,0,0,0,1318
472,Honchkrow,16,10,54,88,1,2,45,23,21,20,20,179,46,0,3,1,1,107,-12.0,-12.0,0,0,0,0,1319
473,Glameow,1,0,22,64,1,2,35,12,6,11,2,153,21,0,6,1,1,72,8.2,16.4,0,0,0,0,1320
474,Purugly,1,0,2,64,1,2,35,10,9,14,10,230,46,0,6,1,1,87,-10.0,-10.0,0,0,0,0,1321
475,Chingling,11,0,55,0,1,2,21,12,6,10,6,153,19,0,1,1,1,17,8.2,16.4,0,0,0,0,1322
476,Stunky,8,16,1,118,1,2,42,21,18,20,22,153,39,0,6,1,1,115,8.2,8.2,0,0,0,0,1323
477,Skuntank,8,16,1,118,1,2,33,15,12,10,13,204,45,0,6,1,1,126,0.5,0.5,0,0,0,0,1324
478,Bronzor,17,11,55,95,3,0,47,10,5,12,7,281,22,2,4,1,1,53,8.2,16.4,0,0,0,0,1325
479,Bronzong,17,11,55,95,3,0,42,8,5,10,7,332,39,2,4,1,1,104,1.5,3.0,0,0,0,0,1326
480,Bonsly,13,0,13,7,1,2,23,11,4,12,4,153,24,0,4,1,1,37,8.2,16.4,0,938,939,940,941
481,Mime Jr.,11,0,60,110,1,2,44,15,10,15,10,153,30,0,5,1,1,78,8.2,8.2,0,946,947,948,949
482,Happiny,1,0,20,38,2,0,35,13,11,12,10,179,24,0,7,1,1,104,8.2,8.2,0,954,955,956,957
483,Chatot,1,10,30,98,1,2,25,10,12,11,13,153,21,0,1,1,1,93,-10.0,-10.0,0,0,0,0,1327
484,Spiritomb,14,16,57,0,1,2,45,40,35,40,35,332,34,0,6,1,1,106,-10.0,-10.0,0,0,0,0,493
485,Gible,15,9,29,0,1,2,41,14,12,12,13,179,18,0,2,1,1,100,8.2,8.2,0,966,967,968,969
486,Gabite,15,9,29,0,1,2,50,18,29,16,30,256,18,0,2,1,1,93,8.2,16.4,0,970,971,972,973
487,Garchomp,15,9,29,0,1,2,50,20,29,15,30,332,18,0,2,1,1,107,0.5,1.0,0,974,975,976,977
488,Munchlax,1,0,71,2,1,2,30,5,3,5,3,332,29,0,4,1,1,7,8.2,8.2,0,746,747,748,749
489,Riolu,7,0,112,31,1,2,20,3,2,4,2,179,22,0,2,1,1,10,8.2,8.2,0,978,979,980,981
490,Lucario,7,17,112,31,1,2,20,3,2,4,2,256,36,0,2,1,1,39,-10.0,-10.0,0,982,983,984,985
491,Hippopotas,9,0,28,0,1,2,40,15,12,14,12,230,25,0,4,1,1,99,8.2,16.4,0,0,0,0,1328
492,Hippowdon,9,0,28,0,1,2,35,18,15,17,15,358,40,0,4,1,1,123,8.2,16.4,0,0,0,0,1329
493,Skorupi,8,12,12,93,1,2,31,11,1,8,2,153,23,0,2,1,1,108,8.2,16.4,0,0,0,0,1330
494,Drapion,8,16,12,93,1,2,40,20,14,15,16,281,44,0,2,1,1,122,-12.0,-12.0,0,0,0,0,1331
495,Croagunk,8,7,86,85,1,2,35,19,12,13,10,179,30,0,5,1,1,40,8.2,8.2,0,0,0,0,1332
496,Toxicroak,8,7,86,85,1,2,33,18,10,10,10,230,38,0,5,1,1,103,-12.0,-12.0,0,0,0,0,1333
497,Carnivine,4,0,55,0,1,2,37,16,7,19,8,179,37,2,0,1,1,81,8.2,16.4,0,0,0,0,1334
498,Finneon,3,0,27,122,1,2,25,10,8,9,9,153,19,5,0,1,1,135,8.2,8.2,0,0,0,0,1335
499,Lumineon,3,0,27,122,1,2,25,9,8,8,10,179,26,5,0,1,1,86,8.2,8.2,0,0,0,0,1336
500,Mantyke,3,10,27,36,1,2,30,15,10,20,8,281,28,2,7,1,1,48,8.2,8.2,0,986,987,988,989
501,Snover,4,6,120,0,1,2,35,17,11,17,13,256,37,0,4,1,1,96,8.2,8.2,0,0,0,0,1337
502,Abomasnow,4,6,120,0,1,2,40,15,12,15,12,332,55,0,4,1,1,110,-10.0,-10.0,0,0,0,0,1338
503,Weavile,16,6,57,0,1,2,27,14,8,10,10,204,52,0,5,1,1,94,-12.0,-12.0,0,810,811,812,813
504,Magnezone,5,17,23,13,3,0,44,14,14,20,14,332,50,2,0,1,1,121,-12.0,-12.0,0,0,0,0,1339
505,Lickilicky,1,0,64,41,1,2,45,13,10,12,10,332,53,0,6,1,1,95,-12.0,-12.0,0,0,0,0,1340
506,Rhyperior,9,13,50,108,1,2,20,19,15,10,15,358,18,4,4,2,1,101,-12.0,-12.0,0,0,0,0,1341
507,Tangrowth,4,0,74,123,1,2,32,3,1,9,2,332,59,0,6,1,1,123,8.2,16.4,0,0,0,0,1342
508,Electivire,5,0,102,0,1,2,38,16,13,13,14,332,64,0,2,1,1,122,-12.0,-12.0,0,842,843,844,845
509,Magmortar,2,0,62,0,1,2,39,13,11,16,16,281,54,4,2,1,1,111,-10.0,-10.0,0,854,855,856,857
510,Togekiss,1,10,48,38,1,2,50,22,12,25,14,204,35,2,7,1,1,113,-12.0,-12.0,0,802,803,804,805
511,Yanmega,12,10,11,80,1,2,40,19,11,18,9,256,45,2,3,1,1,84,-4.5,-4.5,0,0,0,0,1343
512,Leafeon,4,0,123,0,1,2,25,4,5,3,5,179,32,0,5,1,1,35,-10.0,-10.0,0,0,0,0,450
513,Glaceon,6,0,119,0,1,2,25,4,5,3,5,179,30,0,5,1,1,35,-10.0,-10.0,0,0,0,0,451
514,Gliscor,9,10,9,29,1,2,27,6,15,10,9,230,53,2,2,1,1,122,-4.5,-4.5,0,0,0,0,1344
515,Mamoswine,6,9,41,119,1,2,30,18,13,13,15,358,58,0,0,1,1,110,-12.0,-12.0,0,0,0,0,1345
516,Porygon-Z,1,0,99,96,3,0,48,12,11,15,13,204,24,5,4,1,1,99,-4.5,-4.5,0,0,0,0,1346
517,Gallade,11,7,112,0,1,0,40,18,10,12,10,256,30,0,5,1,1,105,-12.0,-12.0,0,0,0,0,1347
518,Probopass,13,17,13,23,1,2,45,18,20,16,20,358,47,2,4,1,1,123,8.2,16.4,0,0,0,0,1348
519,Dusknoir,14,0,57,0,1,2,30,15,10,10,15,332,56,3,5,1,1,147,-12.0,-12.0,0,0,0,0,1349
520,Froslass,6,14,119,0,2,0,40,16,17,16,15,179,29,2,0,1,1,117,-10.0,-10.0,0,0,0,0,1350
521,Rotom,5,14,55,0,3,0,44,12,8,15,10,153,16,3,6,1,1,98,-12.0,-12.0,0,0,0,0,494
522,Uxie,11,0,55,0,3,0,40,10,13,10,13,153,25,2,6,1,1,124,-10.0,-10.0,1,0,0,0,495
523,Mesprit,11,0,55,0,3,0,40,13,13,13,9,153,26,2,6,1,1,124,-10.0,-10.0,1,0,0,0,496
524,Azelf,11,0,55,0,3,0,40,13,13,13,9,153,22,2,6,1,1,124,-10.0,-10.0,1,0,0,0,497
525,Dialga,17,15,57,0,3,0,50,22,20,25,20,358,51,0,10,4,1,136,-12.0,-12.0,1,0,0,0,498
526,Palkia,3,15,57,0,3,0,55,22,20,25,20,358,60,5,11,4,1,129,-12.0,-12.0,1,0,0,0,499
527,Heatran,2,17,72,0,1,2,35,22,20,25,20,358,54,4,2,1,1,150,8.2,8.2,1,0,0,0,500
528,Regigigas,1,0,94,0,3,0,40,25,15,15,15,358,68,0,4,4,1,153,8.2,8.2,1,0,0,0,501
529,Giratina (Altered Forme),14,15,57,0,3,0,50,13,15,25,13,358,44,0,2,4,1,144,8.2,8.2,1,0,0,0,502
530,Cresselia,11,0,55,0,2,0,50,19,5,15,20,332,52,2,7,1,1,160,-12.0,-12.0,1,0,0,0,503
531,Phione,3,0,81,0,3,0,25,5,10,5,5,153,20,5,1,1,1,50,-12.0,-12.0,1,994,995,996,997
532,Manaphy,3,0,81,0,3,0,30,10,5,5,10,153,22,5,1,1,1,50,-12.0,-12.0,1,0,0,0,504
533,Darkrai,16,0,105,0,3,0,50,10,11,25,10,256,54,3,10,1,1,144,-22.0,-22.0,1,0,0,0,505
534,Shaymin (Land Forme),4,0,20,0,3,0,30,10,10,10,10,153,26,0,0,1,1,0,0.0,0.0,1,0,0,0,1351
535,Shaymin (Sky Forme),4,10,38,0,3,0,30,10,10,10,10,153,26,0,0,1,1,0,0.0,0.0,1,0,0,0,1351
536,Giratina (Origin Forme),14,15,55,0,3,3,50,13,15,25,13,358,44,2,2,4,1,144,0.0,0.0,1,0,0,0,502
537,??????????,17,0,57,0,0,0,30,10,10,10,10,281,26,0,0,1,1,0,0.0,0.0,0,0,0,0,0
538,??????????,17,0,57,0,0,0,30,10,10,10,10,281,26,0,0,1,1,0,0.0,0.0,0,0,0,0,0
539,??????????,17,0,57,0,0,0,30,10,10,10,10,281,26,0,0,1,1,0,0.0,0.0,0,0,0,0,0
540,??????????,17,0,57,0,0,0,30,10,10,10,10,281,26,0,0,1,1,0,0.0,0.0,0,0,0,0,0
541,??????????,17,0,57,0,0,0,30,10,10,10,10,281,26,0,0,1,1,0,0.0,0.0,0,0,0,0,0
542,??????????,17,0,57,0,0,0,30,10,10,10,10,281,26,0,0,1,1,0,0.0,0.0,0,0,0,0,0
543,??????????,17,0,57,0,0,0,30,10,10,10,10,281,26,0,0,1,1,0,0.0,0.0,0,0,0,0,0
544,??????????,17,0,57,0,0,0,30,10,10,10,10,281,26,0,0,1,1,0,0.0,0.0,0,0,0,0,0
545,??????????,17,0,57,0,0,0,30,10,10,10,10,281,26,0,0,1,1,0,0.0,0.0,0,0,0,0,0
546,??????????,17,0,57,0,0,0,30,10,10,10,10,281,26,0,0,1,1,0,0.0,0.0,0,0,0,0,0
547,??????????,17,0,57,0,0,0,30,10,10,10,10,281,26,0,0,1,1,0,0.0,0.0,0,0,0,0,0
548,??????????,17,0,57,0,0,0,30,10,10,10,10,281,26,0,0,1,1,0,0.0,0.0,0,0,0,0,0
549,??????????,17,0,57,0,0,0,30,10,10,10,10,281,26,0,0,1,1,0,0.0,0.0,0,0,0,0,0
550,??????????,17,0,57,0,0,0,30,10,10,10,10,281,26,0,0,1,1,0,0.0,0.0,0,0,0,0,0
551,??????????,17,0,57,0,0,0,30,10,10,10,10,281,26,0,0,1,1,0,0.0,0.0,0,0,0,0,0
552,Primal Dialga,17,15,57,0,3,3,50,20,20,20,20,153,51,2,10,4,1,0,-12.0,-12.0,1,0,0,0,0
553,Decoy,17,0,57,0,0,0,30,10,10,10,10,281,26,0,0,1,1,0,0.0,0.0,0,0,0,0,0
554,Statue,3,0,4,0,0,0,30,10,10,10,10,153,54,0,0,1,0,0,0.7,0.7,0,0,0,0,0
555,Wigglytuff,1,0,68,0,1,0,22,17,6,18,6,153,34,0,0,1,1,0,-99.9,-99.9,0,0,0,0,0
556,Regigigas,1,0,94,0,3,0,80,40,35,40,35,153,27,0,0,2,1,0,8.2,8.2,1,0,0,0,0
557,Bronzong,17,11,55,95,0,0,42,8,5,10,7,153,27,2,0,1,1,0,8.2,8.2,0,0,0,0,1326
558,Hitmonlee,7,0,22,92,0,0,44,17,12,17,12,230,45,0,0,1,1,0,-99.9,-99.9,0,0,0,0,0
559,Chimecho,11,0,55,0,1,0,58,16,4,16,4,153,16,2,0,1,1,0,6.9,6.9,0,0,0,0,1279
560,Wigglytuff,1,0,68,0,1,0,22,17,6,18,6,153,34,0,0,1,1,0,-99.9,-99.9,0,0,0,0,0
561,Uxie,11,0,55,0,3,0,80,40,35,40,35,153,27,2,0,1,1,0,8.2,8.2,1,0,0,0,0
562,Azelf,11,0,55,0,3,0,80,40,35,40,35,153,27,2,0,1,1,0,8.2,8.2,1,0,0,0,0
563,Mesprit,11,0,55,0,3,0,80,40,35,40,35,153,27,2,0,1,1,0,8.2,8.2,1,0,0,0,0
564,Sunflora,4,0,74,90,1,0,28,16,8,16,8,153,38,0,0,1,1,0,-99.9,-99.9,0,0,0,0,1150
565,Diglett,9,0,29,5,1,0,10,7,7,7,8,153,14,0,0,1,1,0,8.2,8.2,0,0,0,0,1046
566,Dugtrio,9,0,29,5,1,0,33,23,14,22,15,204,36,0,0,1,1,0,-99.9,-99.9,0,0,0,0,1047
567,Corphish,3,0,9,19,1,0,35,20,15,20,15,153,29,5,0,1,1,0,8.2,8.2,0,0,0,0,1263
568,Loudred,1,0,60,0,1,0,15,8,9,2,3,230,42,0,0,1,1,0,-10.0,-10.0,0,0,0,0,1221
569,Bidoof,1,0,97,103,1,0,30,9,9,9,9,153,27,0,0,1,1,0,8.2,8.2,0,0,0,0,0
570,Chatot,1,10,30,98,1,0,80,40,35,40,35,153,27,0,0,1,1,0,8.2,8.2,0,0,0,0,1327
571,Grovyle,4,0,26,0,1,0,30,3,7,3,7,179,29,0,0,1,1,0,-10.0,-10.0,0,0,0,0,0
572,Dusknoir,14,0,57,0,1,0,80,40,35,40,35,153,27,3,0,1,1,0,8.2,8.2,0,0,0,0,1349
573,Sableye,16,14,30,78,1,0,20,8,8,8,8,153,31,0,0,1,1,0,8.2,8.2,0,0,0,0,1226
574,Darkrai,16,0,105,0,3,0,50,10,11,11,10,256,54,3,10,1,1,0,8.2,8.2,1,0,0,0,505
575,Mama,1,0,68,0,2,0,22,17,6,18,6,153,34,0,1,1,1,87,-12.0,-12.0,0,790,791,792,793
576,Grovyle,1,0,26,0,0,0,30,10,10,10,10,256,99,0,0,1,1,0,-99.9,-99.9,0,0,0,0,0
577,Dusknoir,1,0,26,0,0,0,30,10,10,10,10,256,99,0,0,1,1,0,-99.9,-99.9,0,0,0,0,1349
578,Dusknoir,1,0,26,0,0,0,30,10,10,10,10,256,99,0,0,1,1,0,-99.9,-99.9,0,0,0,0,1349
579,Ditto (Sentret),1,0,26,0,0,0,30,10,10,10,10,256,99,0,0,1,1,0,-99.9,-99.9,0,0,0,0,0
580,Ditto (Bellossom),1,0,26,0,0,0,30,10,10,10,10,256,99,0,0,1,1,0,-99.9,-99.9,0,0,0,0,0
581,reserve_27,1,0,26,0,0,0,30,10,10,10,10,256,99,0,0,1,1,0,-99.9,-99.9,0,0,0,0,0
582,reserve_28,1,0,26,0,0,0,30,10,10,10,10,256,99,0,0,1,1,0,-99.9,-99.9,0,0,0,0,0
583,reserve_29,1,0,26,0,0,0,30,10,10,10,10,256,99,0,0,1,1,0,-99.9,-99.9,0,0,0,0,0
584,reserve_30,1,0,26,0,0,0,30,10,10,10,10,256,99,0,0,1,1,0,-99.9,-99.9,0,0,0,0,0
585,reserve_31,1,0,26,0,0,0,30,10,10,10,10,256,99,0,0,1,1,0,-99.9,-99.9,0,0,0,0,0
586,reserve_32,1,0,26,0,0,0,30,10,10,10,10,256,99,0,0,1,1,0,-99.9,-99.9,0,0,0,0,0
587,reserve_33,1,0,26,0,0,0,30,10,10,10,10,256,99,0,0,1,1,0,-99.9,-99.9,0,0,0,0,0
588,reserve_34,1,0,26,0,0,0,30,10,10,10,10,256,99,0,0,1,1,0,-99.9,-99.9,0,0,0,0,0
589,reserve_35,1,0,26,0,0,0,30,10,10,10,10,256,99,0,0,1,1,0,-99.9,-99.9,0,0,0,0,0
590,reserve_36,1,0,26,0,0,0,30,10,10,10,10,256,99,0,0,1,1,0,-99.9,-99.9,0,0,0,0,0
591,reserve_37,1,0,26,0,0,0,30,10,10,10,10,256,99,0,0,1,1,0,-99.9,-99.9,0,0,0,0,0
592,reserve_38,1,0,26,0,0,0,30,10,10,10,10,256,99,0,0,1,1,0,-99.9,-99.9,0,0,0,0,0
593,reserve_39,1,0,26,0,0,0,30,10,10,10,10,256,99,0,0,1,1,0,-99.9,-99.9,0,0,0,0,0
594,reserve_40,1,0,26,0,0,0,30,10,10,10,10,256,99,0,0,1,1,0,-99.9,-99.9,0,0,0,0,0
595,reserve_41,1,0,26,0,0,0,30,10,10,10,10,256,99,0,0,1,1,0,-99.9,-99.9,0,0,0,0,0
596,reserve_42,1,0,26,0,0,0,30,10,10,10,10,256,99,0,0,1,1,0,-99.9,-99.9,0,0,0,0,0
597,reserve_43,1,0,26,0,0,0,30,10,10,10,10,256,99,0,0,1,1,0,-99.9,-99.9,0,0,0,0,0
598,reserve_44,1,0,26,0,0,0,30,10,10,10,10,256,99,0,0,1,1,0,-99.9,-99.9,0,0,0,0,0
599,reserve_45,1,0,26,0,0,0,30,10,10,10,10,256,99,0,0,1,1,0,-99.9,-99.9,0,0,0,0,0