ID:int,name:str,basePower:int,type:int,category:int,PP:int,range:int,target:int,accuracyMale:number,accuracyFemale:number,strikes:int,needsCharging:bool,critChanceMale:int,critChanceFemale:int,reflectedByMagicCoat:bool,canBeSnatched:bool,failsWhileMuzzled:bool,usableWhileTaunted:bool,boostableByGinseng:bool
0,Nothing,0,1,0,99,0,7,0.0,0.0,0,0,0,0,0,0,0,0,0
1,Iron Tail,40,17,0,10,3,0,78.0,81.0,1,0,12,8,0,0,0,1,1
2,Ice Ball,1,6,0,15,4,0,45.0,48.36,5,0,3,2,0,0,0,1,1
3,Yawn,0,1,2,17,3,0,125.0,125.0,1,0,12,8,1,0,1,0,0
4,Lovely Kiss,0,1,2,11,6,0,88.0,92.0,1,0,12,8,1,0,1,0,0
5,Nightmare,0,14,2,12,3,0,88.0,92.0,1,0,12,8,1,0,0,0,0
6,Morning Sun,0,1,2,12,11,1,100.0,100.0,1,0,12,8,0,1,0,0,0
7,Vital Throw,0,7,0,17,1,3,125.0,125.0,1,0,12,8,0,0,0,0,0
8,Dig,12,9,0,12,3,0,100.0,100.0,1,1,12,8,0,0,0,1,1
9,Thrash,18,1,0,12,3,2,78.0,81.0,3,0,12,8,0,0,0,1,1
10,Sweet Scent,0,1,2,22,10,0,100.0,100.0,1,0,12,8,1,0,0,0,0
11,Charm,0,1,2,22,3,0,75.0,78.0,1,0,12,8,1,0,0,0,0
12,Rain Dance,0,3,2,12,11,6,125.0,125.0,1,0,12,8,0,0,0,0,0
13,Confuse Ray,0,14,2,13,3,0,100.0,100.0,1,0,12,8,1,0,0,0,0
14,Hail,0,6,2,13,11,6,125.0,125.0,1,0,12,8,0,0,0,0,0
15,Aromatherapy,0,4,2,12,10,1,125.0,125.0,1,0,12,8,0,1,0,0,0
16,Bubble,4,3,1,12,9,2,83.6,91.08,1,0,12,8,0,0,0,1,1
17,Encore,0,1,2,12,3,0,100.0,100.0,1,0,12,8,1,0,0,0,0
18,Cut,10,1,0,10,6,0,73.92,80.04,1,0,12,8,0,0,0,1,1
19,Rage,0,1,2,22,1,3,125.0,125.0,1,0,12,8,0,0,0,0,0
20,Super Fang,0,1,0,17,3,0,100.0,100.0,1,0,12,8,0,0,1,1,0
21,Pain Split,0,1,2,22,3,0,100.0,100.0,1,0,12,8,0,0,0,0,0
22,Torment,0,16,2,16,3,0,100.0,100.0,1,0,12,8,0,0,1,0,0
23,String Shot,0,12,2,16,9,2,75.0,78.0,1,0,12,8,1,0,0,0,0
24,Swagger,0,1,2,18,3,0,100.0,100.0,1,0,12,8,1,0,0,0,0
25,Snore,4,1,1,16,3,0,95.0,99.0,1,0,12,8,0,0,1,1,1
26,Heal Bell,0,1,2,12,10,1,125.0,125.0,1,0,12,8,0,1,0,0,0
27,Screech,0,1,2,22,4,0,100.0,100.0,1,0,12,8,1,0,1,0,0
28,Rock Throw,5,13,0,16,3,0,90.0,94.0,1,0,12,8,0,0,0,1,1
29,Rock Smash,0,7,2,99,3,6,125.0,125.0,1,0,12,8,0,0,0,0,0
30,Rock Slide,14,13,0,13,3,0,90.0,94.0,1,0,12,8,0,0,0,1,1
31,Weather Ball,5,1,1,15,9,2,85.5,93.06,1,0,12,8,0,0,0,1,1
32,Whirlpool,2,3,1,17,3,0,78.0,81.0,1,0,12,8,0,0,0,1,1
33,Fake Tears,0,16,2,22,3,0,100.0,100.0,1,0,12,8,1,0,1,0,0
34,Sing,0,1,2,13,4,0,87.0,91.0,1,0,12,8,1,0,1,0,0
35,Spite,0,14,2,15,3,0,100.0,100.0,1,0,12,8,0,0,0,0,0
36,Air Cutter,2,10,1,17,4,0,90.0,94.0,1,0,45,30,0,0,0,1,1
37,SmokeScreen,0,1,2,10,4,0,100.0,100.0,1,0,12,8,1,0,0,0,0
38,Pursuit,0,16,0,17,1,3,125.0,125.0,1,0,12,8,0,0,0,0,0
39,DoubleSlap,4,1,0,10,3,0,41.25,44.46,0,0,3,2,0,0,0,1,1
40,Mirror Move,0,10,2,7,1,3,125.0,125.0,1,0,12,8,0,0,0,0,0
41,Overheat,20,2,1,10,6,0,84.0,87.0,1,0,12,8,0,0,0,1,1
42,Aurora Beam,10,6,1,17,9,2,61.75,67.32,1,0,12,8,0,0,0,1,1
43,Memento,0,16,2,15,10,0,100.0,100.0,1,0,12,8,0,0,0,0,0
44,Octazooka,8,3,1,15,9,2,83.6,91.08,1,0,12,8,0,0,1,1,1
45,Flatter,0,16,2,17,3,0,100.0,100.0,1,0,12,8,1,0,1,0,0
46,Astonish,6,14,0,17,3,0,88.0,92.0,1,0,12,8,0,0,0,1,1
47,Will-O-Wisp,0,2,2,17,4,0,100.0,100.0,1,0,12,8,1,0,0,0,0
48,Return,0,1,0,12,3,0,100.0,100.0,1,0,12,8,0,0,0,1,0
49,Grudge,0,14,2,12,1,3,125.0,125.0,1,0,12,8,0,0,0,0,0
50,Strength,0,1,0,12,3,0,100.0,100.0,1,0,12,8,0,0,0,0,0
51,Counter,0,7,0,17,1,3,125.0,125.0,1,0,12,8,0,0,0,0,0
52,Flame Wheel,12,2,0,11,4,0,88.0,92.0,1,0,12,8,0,0,0,1,1
53,Flamethrower,18,2,1,12,9,2,83.6,91.08,1,0,12,8,0,0,0,1,1
54,Odor Sleuth,0,1,2,22,10,0,100.0,100.0,1,0,12,8,0,0,0,0,0
55,Sharpen,0,1,2,17,1,3,125.0,125.0,1,0,12,8,0,1,0,0,0
56,Double Team,0,1,2,17,1,3,125.0,125.0,1,0,12,8,0,1,0,0,0
57,Gust,4,10,1,19,3,0,88.0,92.0,1,0,12,8,0,0,0,1,1
58,Harden,0,1,2,16,1,3,125.0,125.0,1,0,12,8,0,1,0,0,0
59,Disable,0,1,2,9,3,0,100.0,100.0,1,0,12,8,1,0,0,0,0
60,Razor Wind,16,1,1,13,4,0,100.0,100.0,1,1,45,30,0,0,0,1,1
61,Bide,0,1,0,15,1,3,125.0,125.0,1,0,12,8,0,0,0,0,0
62,Crunch,16,16,0,13,3,0,88.0,92.0,1,0,12,8,0,0,1,1,1
63,Bite,7,16,0,19,3,0,90.0,94.0,1,0,12,8,0,0,1,1,1
64,Thunder,45,5,1,7,3,0,73.0,76.0,1,0,12,8,0,0,0,1,1
65,ThunderPunch,6,5,0,17,3,0,88.0,92.0,1,0,12,8,0,0,0,1,1
66,Endeavor,0,1,0,12,3,0,100.0,100.0,1,0,12,8,0,0,0,1,0
67,Facade,14,1,0,12,3,0,84.0,87.0,1,0,12,8,0,0,0,1,1
68,Karate Chop,10,7,0,18,3,0,90.0,94.0,1,0,45,30,0,0,0,1,1
69,Clamp,6,3,0,17,3,0,78.0,81.0,1,0,12,8,0,0,0,1,1
70,Withdraw,0,3,2,16,1,3,125.0,125.0,1,0,12,8,0,1,0,0,0
71,Constrict,2,1,0,22,3,0,79.2,86.48,1,0,12,8,0,0,0,1,1
72,Brick Break,14,7,0,12,3,0,88.0,92.0,1,0,12,8,0,0,0,1,1
73,Rock Tomb,10,13,0,12,3,0,60.0,62.0,1,0,12,8,0,0,0,1,1
74,Focus Energy,0,1,2,27,1,3,125.0,125.0,1,0,12,8,0,1,0,0,0
75,Focus Punch,55,7,0,8,3,0,100.0,100.0,1,1,12,8,0,0,0,1,1
76,Giga Drain,12,4,1,10,3,0,88.0,92.0,1,0,12,8,0,0,0,1,1
77,Reversal,2,7,0,12,3,0,63.0,68.62,1,0,12,8,0,0,0,1,1
78,SmellingSalt,12,1,0,15,3,0,88.0,92.0,1,0,12,8,0,0,0,1,1
79,Spore,0,4,2,12,10,0,88.0,92.0,1,0,12,8,1,0,0,0,0
80,Leech Life,4,12,0,19,3,0,90.0,94.0,1,0,12,8,0,0,1,1,1
81,Slash,14,1,0,11,3,0,88.0,92.0,1,0,45,30,0,0,0,1,1
82,Silver Wind,6,12,1,7,10,0,61.6,67.16,1,0,12,8,0,0,0,1,1
83,Metal Sound,0,17,2,17,4,0,100.0,100.0,1,0,12,8,1,0,0,0,0
84,GrassWhistle,0,4,2,12,4,0,88.0,92.0,1,0,12,8,1,0,1,0,0
85,Tickle,0,1,2,17,3,0,100.0,100.0,1,0,12,8,1,0,0,0,0
86,Spider Web,0,12,2,16,4,0,100.0,100.0,1,0,12,8,1,0,0,0,0
87,Crabhammer,18,3,0,12,3,0,77.44,84.64,1,0,45,30,0,0,0,1,1
88,Haze,0,6,2,13,10,2,125.0,125.0,1,0,12,8,0,0,0,0,0
89,Mean Look,0,1,2,12,3,0,100.0,100.0,1,0,12,8,1,0,0,0,0
90,Cross Chop,20,7,0,10,3,0,84.0,87.0,1,0,45,30,0,0,0,1,1
91,Outrage,18,15,0,6,3,0,42.5,45.76,0,0,12,8,0,0,0,1,1
92,Low Kick,7,7,0,16,3,0,90.0,94.0,1,0,12,8,0,0,0,1,1
93,AncientPower,12,13,1,12,4,0,88.0,92.0,1,0,12,8,0,0,0,1,1
94,Synthesis,0,4,2,12,1,3,125.0,125.0,1,0,12,8,0,1,0,0,0
95,Agility,0,11,2,12,10,1,125.0,125.0,1,0,12,8,0,1,0,0,0
96,Rapid Spin,4,1,0,17,3,0,90.0,94.0,1,0,12,8,0,0,0,1,1
97,Icy Wind,5,6,1,13,9,2,79.8,86.13,1,0,12,8,0,0,0,1,1
98,Mind Reader,0,1,2,12,1,3,125.0,125.0,1,0,12,8,0,0,0,0,0
99,Cosmic Power,0,11,2,14,1,3,125.0,125.0,1,0,12,8,0,1,0,0,0
100,Sky Attack,50,10,0,6,4,0,90.0,94.0,1,1,12,8,0,0,0,1,1
101,Powder Snow,4,6,1,10,10,0,90.0,94.0,1,0,12,8,0,0,0,1,1
102,Follow Me,0,1,2,15,1,3,125.0,125.0,1,0,12,8,0,0,0,0,0
103,Meteor Mash,20,17,0,9,9,2,83.6,91.08,1,0,12,8,0,0,0,1,1
104,Endure,0,1,2,17,1,3,75.0,78.0,1,0,12,8,0,0,0,0,0
105,Rollout,1,13,0,14,3,0,45.0,48.36,5,0,12,8,0,0,0,1,1
106,Scary Face,0,1,2,14,3,0,70.0,73.0,1,0,12,8,1,0,0,0,0
107,Psybeam,12,11,1,17,9,2,79.8,86.13,1,0,12,8,0,0,0,1,1
108,Psywave,0,11,1,19,9,2,95.0,99.0,1,0,12,8,0,0,0,1,0
109,Psychic,38,11,1,10,3,0,88.0,92.0,1,0,12,8,0,0,0,1,1
110,Psycho Boost,44,11,1,5,3,0,88.0,92.0,1,0,12,8,0,0,0,1,1
111,Hypnosis,0,11,2,13,4,0,88.0,92.0,1,0,12,8,1,0,0,0,0
112,Uproar,0,1,2,17,10,1,125.0,125.0,1,0,12,8,0,0,1,0,0
113,Water Spout,42,3,1,5,3,0,84.0,87.0,1,0,12,8,0,0,0,1,1
114,Signal Beam,8,12,1,15,9,2,79.8,86.13,1,0,12,8,0,0,0,1,1
115,Psych Up,0,1,2,17,3,2,125.0,125.0,1,0,12,8,0,0,0,0,0
116,Submission,15,7,0,17,3,0,84.0,87.0,1,0,12,8,0,0,0,1,1
117,Recover,0,1,2,12,1,3,125.0,125.0,1,0,12,8,0,1,0,0,0
118,Earthquake,5,9,0,10,10,4,52.0,56.44,1,0,12,8,0,0,0,1,1
119,Nature Power,0,1,2,24,0,7,125.0,125.0,1,0,12,8,0,0,0,0,0
120,Lick,4,14,0,20,3,0,100.0,100.0,1,0,12,8,0,0,1,1,1
121,Flail,2,1,0,17,3,0,100.0,100.0,1,0,12,8,0,0,0,1,1
122,Tail Whip,0,1,2,22,3,0,100.0,100.0,1,0,12,8,1,0,0,0,0
123,Selfdestruct,0,1,0,12,6,2,125.0,125.0,1,0,12,8,0,0,0,1,0
124,Stun Spore,0,4,2,17,6,0,88.0,92.0,1,0,12,8,1,0,0,0,0
125,Bind,4,1,0,17,3,0,78.0,81.0,1,0,12,8,0,0,0,1,1
126,Shadow Punch,6,14,0,8,3,0,125.0,125.0,1,0,12,8,0,0,0,1,1
127,Shadow Ball,16,14,1,10,9,2,83.6,91.08,1,0,12,8,0,0,0,1,1
128,Charge,0,5,2,20,1,3,125.0,125.0,1,0,12,8,0,1,0,0,0
129,Thunderbolt,18,5,1,10,6,0,73.92,80.04,1,0,12,8,0,0,0,1,1
130,Mist,0,6,2,17,1,3,125.0,125.0,1,0,12,8,0,1,0,0,0
131,Fissure,0,9,0,10,3,0,20.0,20.0,1,0,12,8,0,0,0,1,0
132,ExtremeSpeed,16,1,0,12,7,0,88.0,92.0,1,0,12,8,0,0,0,1,1
133,Extrasensory,16,11,1,12,3,0,88.0,92.0,1,0,12,8,0,0,0,1,1
134,Safeguard,0,1,2,13,10,1,125.0,125.0,1,0,12,8,0,1,0,0,0
135,Absorb,1,4,1,15,3,0,88.0,92.0,1,0,12,8,0,0,1,1,1
136,Sky Uppercut,16,7,0,12,3,0,90.0,94.0,1,0,12,8,0,0,0,1,1
137,Skill Swap,0,11,2,14,4,0,100.0,100.0,1,0,12,8,0,0,0,0,0
138,Sketch,0,1,2,1,3,0,100.0,100.0,1,0,12,8,0,0,0,0,0
139,Headbutt,6,1,0,17,3,0,90.0,94.0,1,0,12,8,0,0,0,1,1
140,Double-Edge,20,1,0,12,3,0,100.0,100.0,1,0,12,8,0,0,0,1,1
141,Sandstorm,0,13,2,14,11,6,125.0,125.0,1,0,12,8,0,0,0,0,0
142,Sand-Attack,0,9,2,20,4,0,80.0,83.0,1,0,12,8,1,0,0,0,0
143,Sand Tomb,4,9,0,17,3,0,73.0,76.0,1,0,12,8,0,0,0,1,1
144,Spark,12,5,0,15,3,0,88.0,92.0,1,0,12,8,0,0,0,1,1
145,Swift,10,1,1,8,4,0,125.0,125.0,1,0,12,8,0,0,0,1,1
146,Kinesis,0,11,2,17,3,0,100.0,100.0,1,0,12,8,0,0,0,0,0
147,Smog,4,8,1,17,3,0,73.0,76.0,1,0,12,8,0,0,0,1,1
148,Growth,0,1,2,20,1,3,125.0,125.0,1,0,12,8,0,1,0,0,0
149,Sacred Fire,50,2,0,10,3,0,88.0,92.0,1,0,12,8,0,0,0,1,1
150,Sheer Cold,0,6,1,12,3,0,20.0,20.0,1,0,12,8,0,0,0,1,0
151,SolarBeam,24,4,1,9,4,0,100.0,100.0,1,1,12,8,0,0,0,1,1
152,SonicBoom,0,1,1,11,9,2,95.0,99.0,1,0,12,8,0,0,0,1,0
153,Fly,14,10,0,12,3,0,100.0,100.0,1,1,12,8,0,0,0,1,1
154,Tackle,6,1,0,30,3,0,95.0,99.0,1,0,12,8,0,0,0,1,1
155,Explosion,0,1,0,6,8,2,125.0,125.0,1,0,12,8,0,0,0,1,0
156,Dive,12,3,0,12,3,0,100.0,100.0,1,1,12,8,0,0,0,1,1
157,Fire Blast,33,2,1,9,4,0,88.0,92.0,1,0,12,8,0,0,0,1,1
158,Waterfall,16,3,0,12,3,0,88.0,92.0,1,0,12,8,0,0,0,1,1
159,Muddy Water,18,3,1,10,3,0,84.0,87.0,1,0,12,8,0,0,0,1,1
160,Stockpile,0,1,2,17,1,3,125.0,125.0,1,0,12,8,0,1,1,0,0
161,Slam,16,1,0,12,3,0,78.0,81.0,1,0,12,8,0,0,0,1,1
162,Twister,8,15,1,15,3,0,90.0,94.0,1,0,12,8,0,0,0,1,1
163,Bullet Seed,10,4,0,10,9,2,48.0,51.46,0,0,3,2,0,0,0,1,1
164,Twineedle,6,12,0,10,9,2,46.75,50.16,2,0,3,2,0,0,0,1,1
165,Softboiled,0,1,2,15,10,1,125.0,125.0,1,0,12,8,0,1,0,0,0
166,Egg Bomb,10,1,0,15,4,0,78.0,81.0,1,0,12,8,0,0,0,1,1
167,Faint Attack,6,16,0,25,3,0,125.0,125.0,1,0,12,8,0,0,0,1,1
168,Barrage,1,1,0,12,4,0,44.0,47.31,0,0,3,2,0,0,0,1,1
169,Minimize,0,1,2,27,1,3,125.0,125.0,1,0,12,8,0,1,0,0,0
170,Seismic Toss,0,7,0,10,3,0,100.0,100.0,1,0,12,8,0,0,0,1,0
171,Supersonic,0,1,2,10,4,0,100.0,100.0,1,0,12,8,1,0,1,0,0
172,Taunt,0,16,2,20,3,0,100.0,100.0,1,0,12,8,1,0,0,0,0
173,Moonlight,0,1,2,12,11,1,125.0,125.0,1,0,12,8,0,1,0,0,0
174,Peck,4,10,0,26,3,0,95.0,99.0,1,0,12,8,0,0,0,1,1
175,Arm Thrust,2,7,0,10,3,0,40.0,43.16,0,0,3,2,0,0,0,1,1
176,Horn Attack,8,1,0,18,3,0,95.0,99.0,1,0,12,8,0,0,0,1,1
177,Horn Drill,0,1,0,12,3,0,20.0,20.0,1,0,12,8,0,0,0,1,0
178,Wing Attack,6,10,0,20,3,0,95.0,99.0,1,0,12,8,0,0,0,1,1
179,Aerial Ace,10,10,0,8,3,0,125.0,125.0,1,0,12,8,0,0,0,1,1
180,Icicle Spear,2,6,0,8,4,0,33.75,36.66,0,0,3,2,0,0,0,1,1
181,Swords Dance,0,1,2,7,1,3,125.0,125.0,1,0,12,8,0,1,0,0,0
182,Vine Whip,6,4,0,18,3,0,88.0,92.0,1,0,12,8,0,0,0,1,1
183,Conversion,0,1,2,22,1,3,125.0,125.0,1,0,12,8,0,0,0,0,0
184,Conversion 2,0,1,2,22,1,3,125.0,125.0,1,0,12,8,0,0,0,0,0
185,Helping Hand,0,1,2,16,10,5,125.0,125.0,1,0,12,8,0,0,0,0,0
186,Iron Defense,0,17,2,16,1,3,125.0,125.0,1,0,12,8,0,1,0,0,0
187,Teleport,0,11,2,7,1,3,125.0,125.0,1,0,12,8,0,0,0,0,0
188,ThunderShock,1,5,1,17,3,0,88.0,92.0,1,0,3,2,0,0,0,1,1
189,Shock Wave,7,5,1,8,9,2,125.0,125.0,1,0,12,8,0,0,0,1,1
190,Quick Attack,4,1,0,13,7,0,88.0,92.0,1,0,12,8,0,0,0,1,1
191,Sweet Kiss,0,1,2,15,3,0,100.0,100.0,1,0,12,8,1,0,1,0,0
192,Thunder Wave,0,5,2,17,3,0,65.0,68.0,1,0,12,8,1,0,0,0,0
193,Zap Cannon,20,5,1,9,9,2,61.75,67.32,1,0,12,8,0,0,0,1,1
194,Block,0,1,2,12,3,0,100.0,100.0,1,0,12,8,1,0,0,0,0
195,Howl,0,1,2,27,1,3,125.0,125.0,1,0,12,8,0,1,1,0,0
196,Poison Gas,0,8,2,27,3,0,88.0,92.0,1,0,12,8,1,0,0,0,0
197,Toxic,0,8,2,12,3,0,88.0,92.0,1,0,12,8,1,0,0,0,0
198,Poison Fang,10,8,0,15,3,0,73.92,80.04,1,0,12,8,0,0,0,1,1
199,PoisonPowder,0,8,2,22,3,0,100.0,100.0,1,0,12,8,1,0,0,0,0
200,Poison Sting,3,8,0,19,4,0,73.0,76.0,1,0,12,8,0,0,0,1,1
201,Spike Cannon,3,1,0,10,9,2,44.0,47.31,0,0,3,2,0,0,0,1,1
202,Acid Armor,0,8,2,16,1,3,125.0,125.0,1,0,12,8,0,1,0,0,0
203,Take Down,8,1,0,19,3,0,88.0,92.0,1,0,12,8,0,0,0,1,1
204,Jump Kick,14,7,0,13,3,0,88.0,92.0,1,0,12,8,0,0,0,1,1
205,Bounce,16,10,0,11,3,0,100.0,100.0,1,1,12,8,0,0,0,1,1
206,Hi Jump Kick,16,7,0,11,3,0,90.0,94.0,1,0,12,8,0,0,0,1,1
207,Tri Attack,6,1,1,17,4,0,100.0,100.0,1,0,12,8,0,0,0,1,1
208,Dragon Claw,16,15,0,10,3,0,88.0,92.0,1,0,12,8,0,0,0,1,1
209,Trick,0,11,2,17,3,0,100.0,100.0,1,0,12,8,0,0,0,0,0
210,Triple Kick,8,7,0,15,3,0,52.5,56.94,3,0,3,2,0,0,0,1,1
211,Drill Peck,16,10,0,13,3,0,88.0,92.0,1,0,12,8,0,0,0,1,1
212,Mud Sport,0,9,2,17,11,6,125.0,125.0,1,0,12,8,0,0,0,0,0
213,Mud-Slap,4,9,1,16,4,0,84.0,87.0,1,0,12,8,0,0,0,1,1
214,Thief,2,16,0,20,3,0,100.0,100.0,1,0,12,8,0,0,0,1,1
215,Amnesia,0,11,2,22,1,3,125.0,125.0,1,0,12,8,0,1,0,0,0
216,Night Shade,0,14,1,8,6,0,88.0,92.0,1,0,12,8,0,0,0,1,0
217,Growl,0,1,2,20,10,0,100.0,100.0,1,0,12,8,1,0,1,0,0
218,Slack Off,0,1,2,17,1,3,125.0,125.0,1,0,12,8,0,1,0,0,0
219,Surf,30,3,1,11,3,0,88.0,92.0,1,0,12,8,0,0,0,1,1
220,Role Play,0,11,2,17,3,0,100.0,100.0,1,0,12,8,0,0,0,0,0
221,Needle Arm,36,4,0,11,3,0,88.0,92.0,1,0,12,8,0,0,0,1,1
222,Double Kick,6,7,0,14,3,0,76.56,83.72,2,0,4,3,0,0,0,1,1
223,Sunny Day,0,2,2,12,11,6,125.0,125.0,1,0,12,8,0,0,0,0,0
224,Leer,0,1,2,27,3,0,100.0,100.0,1,0,12,8,1,0,0,0,0
225,Wish,0,1,2,15,1,3,125.0,125.0,1,0,12,8,0,0,0,0,0
226,Fake Out,8,1,0,12,7,0,80.0,83.0,1,0,12,8,0,0,0,1,1
227,Sleep Talk,0,1,2,17,0,7,125.0,125.0,1,0,12,8,0,0,1,0,0
228,Pay Day,8,1,0,16,3,0,90.0,94.0,1,0,12,8,0,0,0,1,1
229,Assist,0,1,2,27,0,7,100.0,100.0,1,0,12,8,0,0,0,0,0
230,Heat Wave,10,2,1,8,10,0,80.0,83.0,1,0,12,8,0,0,0,1,1
231,Sleep Powder,0,4,2,13,6,0,80.0,83.0,1,0,12,8,1,0,0,0,0
232,Rest,0,11,2,8,1,3,125.0,125.0,1,0,12,8,0,1,0,0,0
233,Ingrain,0,4,2,22,1,3,125.0,125.0,1,0,12,8,0,1,0,0,0
234,Confusion,5,11,1,22,3,0,85.0,88.0,1,0,12,8,0,0,0,1,1
235,Body Slam,12,1,0,17,3,0,85.0,88.0,1,0,12,8,0,0,0,1,1
236,Swallow,0,1,2,15,1,3,125.0,125.0,1,0,12,8,0,1,1,0,0
237,Curse,0,1,2,17,0,7,100.0,100.0,1,0,12,8,0,0,0,0,0
238,Frenzy Plant,45,4,1,6,4,0,84.0,87.0,1,0,12,8,0,0,0,1,1
239,Hydro Cannon,33,3,1,6,9,2,84.0,87.0,1,0,12,8,0,0,0,1,1
240,Hydro Pump,24,3,1,8,9,2,79.8,86.13,1,0,12,8,0,0,0,1,1
241,Hyper Voice,18,1,1,12,4,0,90.0,94.0,1,0,12,8,0,0,1,1,1
242,Hyper Beam,30,1,1,8,9,2,85.5,93.06,1,0,12,8,0,0,0,1,1
243,Superpower,24,7,0,11,3,0,90.0,94.0,1,0,12,8,0,0,0,1,1
244,Steel Wing,35,17,0,10,3,0,88.0,92.0,1,0,12,8,0,0,0,1,1
245,Spit Up,20,1,1,12,3,0,88.0,92.0,1,0,12,8,0,0,1,1,1
246,DynamicPunch,10,7,0,13,3,0,78.0,81.0,1,0,12,8,0,0,0,1,1
247,Guillotine,0,1,0,12,3,0,20.0,20.0,1,0,12,8,0,0,0,1,0
248,ViceGrip,6,1,0,22,3,0,90.0,94.0,1,0,12,8,0,0,0,1,1
249,Knock Off,0,16,0,22,3,0,100.0,100.0,1,0,12,8,0,0,0,0,0
250,Pound,6,1,0,27,3,0,90.0,94.0,1,0,12,8,0,0,0,1,1
251,Razor Leaf,2,4,0,12,9,2,79.8,86.13,1,0,45,30,0,0,0,1,1
252,Baton Pass,0,1,2,15,10,2,75.0,78.0,1,0,12,8,0,0,0,0,0
253,Petal Dance,7,4,1,9,3,0,44.0,47.31,0,0,12,8,0,0,0,1,1
254,Splash,0,1,2,50,1,3,125.0,125.0,1,0,12,8,0,0,0,0,0
255,BubbleBeam,6,3,1,10,9,2,83.6,91.08,1,0,12,8,0,0,0,1,1
256,Doom Desire,0,17,2,11,1,3,125.0,125.0,1,0,12,8,0,0,0,0,0
257,Belly Drum,0,1,2,10,1,3,125.0,125.0,1,0,12,8,0,1,0,0,0
258,Barrier,0,11,2,16,1,3,125.0,125.0,1,0,12,8,0,1,0,0,0
259,Light Screen,0,11,2,14,1,3,125.0,125.0,1,0,12,8,0,1,0,0,0
260,Scratch,6,1,0,28,3,0,90.0,94.0,1,0,12,8,0,0,0,1,1
261,Hyper Fang,16,1,0,13,3,0,88.0,92.0,1,0,12,8,0,0,1,1,1
262,Ember,7,2,1,15,4,0,88.0,92.0,1,0,12,8,0,0,0,1,1
263,Secret Power,14,1,0,10,3,0,88.0,92.0,1,0,12,8,0,0,0,1,1
264,Dizzy Punch,6,1,0,17,3,0,90.0,94.0,1,0,12,8,0,0,0,1,1
265,Bulk Up,0,7,2,16,1,3,125.0,125.0,1,0,12,8,0,1,0,0,0
266,Imprison,0,11,2,15,3,0,100.0,100.0,1,0,12,8,1,0,0,0,0
267,FeatherDance,0,10,2,22,3,0,100.0,100.0,1,0,12,8,1,0,0,0,0
268,Whirlwind,0,1,2,27,3,0,100.0,100.0,1,0,12,8,0,0,0,0,0
269,Beat Up,0,16,2,15,11,5,125.0,125.0,1,0,12,8,0,0,0,0,0
270,Blizzard,24,6,1,7,10,0,67.2,72.21,1,0,12,8,0,0,0,1,1
271,Stomp,12,1,0,17,3,0,90.0,94.0,1,0,12,8,0,0,0,1,1
272,Blast Burn,30,2,1,6,6,0,84.0,87.0,1,0,12,8,0,0,1,1,1
273,Flash,0,1,2,24,3,0,100.0,100.0,1,0,12,8,1,0,0,0,0
274,Teeter Dance,0,1,2,15,10,2,100.0,100.0,1,0,12,8,1,0,0,0,0
275,Crush Claw,14,1,0,15,3,0,90.0,94.0,1,0,12,8,0,0,0,1,1
276,Blaze Kick,16,2,0,13,3,0,88.0,92.0,1,0,45,30,0,0,0,1,1
277,Present,0,1,0,19,4,0,100.0,100.0,1,0,12,8,0,0,0,1,0
278,Eruption,40,2,1,6,4,0,84.0,87.0,1,0,12,8,0,0,0,1,1
279,Sludge,12,8,1,15,4,0,88.0,92.0,1,0,12,8,0,0,0,1,1
280,Sludge Bomb,18,8,1,10,9,2,79.8,86.13,1,0,12,8,0,0,0,1,1
281,Glare,0,1,2,22,3,0,100.0,100.0,1,0,12,8,1,0,0,0,0
282,Transform,0,1,2,1,1,3,125.0,125.0,1,0,12,8,0,0,0,0,0
283,Poison Tail,10,8,0,15,3,0,88.0,92.0,1,0,45,30,0,0,0,1,1
284,Roar,0,1,2,14,3,0,100.0,100.0,1,0,12,8,0,0,1,0,0
285,Bone Rush,12,9,0,8,4,0,37.5,40.56,0,0,3,2,0,0,0,1,1
286,Camouflage,0,1,2,22,1,3,125.0,125.0,1,0,12,8,0,1,0,0,0
287,Covet,8,1,0,27,3,0,88.0,92.0,1,0,12,8,0,0,0,1,1
288,Tail Glow,0,12,2,22,1,3,125.0,125.0,1,0,12,8,0,1,0,0,0
289,Bone Club,12,9,0,15,3,0,88.0,92.0,1,0,12,8,0,0,0,1,1
290,Bonemerang,10,9,0,14,9,2,66.0,71.76,2,0,12,8,0,0,0,1,1
291,Fire Spin,4,2,1,19,3,0,73.0,76.0,1,0,12,8,0,0,0,1,1
292,Fire Punch,14,2,0,13,3,0,78.0,81.0,1,0,12,8,0,0,0,1,1
293,Perish Song,0,1,2,15,11,0,15.0,15.0,1,0,12,8,1,0,1,0,0
294,Wrap,0,1,0,22,3,0,100.0,100.0,1,0,12,8,0,0,0,0,0
295,Spikes,0,9,2,22,2,6,125.0,125.0,1,0,12,8,0,0,0,0,0
296,Magnitude,0,9,0,15,10,4,100.0,100.0,1,0,12,8,0,0,0,1,0
297,Magical Leaf,12,4,1,8,4,0,125.0,125.0,1,0,12,8,0,0,0,1,1
298,Magic Coat,0,11,2,19,1,3,125.0,125.0,1,0,12,8,0,0,0,0,0
299,Mud Shot,12,9,1,13,4,0,65.0,68.0,1,0,12,8,0,0,0,1,1
300,Mach Punch,8,7,0,22,7,0,90.0,94.0,1,0,12,8,0,0,0,1,1
301,Protect,0,1,2,10,1,3,75.0,78.0,1,0,12,8,0,0,0,0,0
302,Defense Curl,0,1,2,16,1,3,125.0,125.0,1,0,12,8,0,1,0,0,0
303,Rolling Kick,12,7,0,13,3,0,88.0,92.0,1,0,12,8,0,0,0,1,1
304,Substitute,0,1,2,7,3,2,100.0,100.0,1,0,12,8,0,1,0,0,0
305,Detect,0,7,2,12,1,3,75.0,78.0,1,0,12,8,0,0,0,0,0
306,Pin Missile,4,12,0,10,9,2,45.0,48.36,0,0,1,1,0,0,0,1,1
307,Water Sport,0,3,2,19,11,6,125.0,125.0,1,0,12,8,0,0,0,0,0
308,Water Gun,5,3,1,17,4,0,88.0,92.0,1,0,12,8,0,0,0,1,1
309,Mist Ball,14,11,1,10,4,0,88.0,92.0,1,0,12,8,0,0,0,1,1
310,Water Pulse,12,3,1,12,9,2,83.6,91.08,1,0,12,8,0,0,0,1,1
311,Fury Attack,1,1,0,12,3,0,44.0,47.31,0,0,1,1,0,0,0,1,1
312,Fury Swipes,5,1,0,10,3,0,41.25,44.46,0,0,1,1,0,0,0,1,1
313,Destiny Bond,0,14,2,12,4,0,100.0,100.0,1,0,12,8,0,0,0,0,0
314,False Swipe,40,1,0,15,3,0,100.0,100.0,1,0,12,8,0,0,0,1,1
315,Foresight,0,1,2,22,3,0,100.0,100.0,1,0,12,8,0,0,0,0,0
316,Mirror Coat,0,11,1,15,1,3,125.0,125.0,1,0,12,8,0,0,0,0,0
317,Future Sight,0,11,2,13,1,3,125.0,125.0,1,0,12,8,0,0,0,0,0
318,Milk Drink,0,1,2,15,11,1,125.0,125.0,1,0,12,8,0,1,1,0,0
319,Calm Mind,0,11,2,19,1,3,125.0,125.0,1,0,12,8,0,1,0,0,0
320,Mega Drain,8,4,1,17,3,0,88.0,92.0,1,0,12,8,0,0,0,1,1
321,Mega Kick,16,1,0,12,3,0,84.0,87.0,1,0,12,8,0,0,0,1,1
322,Mega Punch,16,1,0,12,3,0,88.0,92.0,1,0,12,8,0,0,0,1,1
323,Megahorn,38,12,0,7,4,0,84.0,87.0,1,0,12,8,0,0,0,1,1
324,Hidden Power,2,0,1,12,4,0,88.0,92.0,1,0,12,8,0,0,0,1,1
325,Metal Claw,10,17,0,15,3,0,90.0,94.0,1,0,12,8,0,0,0,1,1
326,Attract,0,1,2,10,4,0,75.0,78.0,1,0,12,8,1,0,0,0,0
327,Mimic,0,1,2,17,3,0,100.0,100.0,1,0,12,8,0,0,0,0,0
328,Frustration,0,1,0,16,3,0,100.0,100.0,1,0,12,8,0,0,0,1,0
329,Leech Seed,0,4,2,17,4,0,100.0,100.0,1,0,12,8,1,0,0,0,0
330,Metronome,0,1,2,22,0,7,100.0,100.0,1,0,12,8,0,0,0,0,0
331,Dream Eater,20,11,1,13,3,0,100.0,100.0,1,0,12,8,0,0,1,1,1
332,Acid,8,8,1,17,4,0,88.0,92.0,1,0,12,8,0,0,0,1,1
333,Meditate,0,11,2,22,1,3,125.0,125.0,1,0,12,8,0,1,0,0,0
334,Snatch,0,16,2,17,1,3,125.0,125.0,1,0,12,8,0,0,0,0,0
335,Luster Purge,14,11,1,12,3,0,88.0,92.0,1,0,12,8,0,0,0,1,1
336,Leaf Blade,14,4,0,12,3,0,88.0,92.0,1,0,45,30,0,0,0,1,1
337,Recycle,0,1,2,10,1,3,125.0,125.0,1,0,12,8,0,0,0,0,0
338,Reflect,0,11,2,22,1,3,125.0,125.0,1,0,12,8,0,1,0,0,0
339,Refresh,0,1,2,17,10,1,125.0,125.0,1,0,12,8,0,1,0,0,0
340,Revenge,0,7,0,12,1,3,125.0,125.0,1,0,12,8,0,0,0,0,0
341,Dragon Rage,0,15,1,8,4,0,100.0,100.0,1,0,12,8,0,0,0,1,0
342,DragonBreath,12,15,1,12,9,2,83.6,91.08,1,0,12,8,0,0,1,1,1
343,Dragon Dance,0,15,2,22,1,3,125.0,125.0,1,0,12,8,0,1,0,0,0
344,Ice Punch,14,6,0,12,3,0,88.0,92.0,1,0,12,8,0,0,0,1,1
345,Ice Beam,15,6,1,8,9,2,83.6,91.08,1,0,12,8,0,0,0,1,1
346,Fury Cutter,2,12,0,12,3,0,66.0,71.76,2,0,12,8,0,0,0,1,1
347,Comet Punch,3,1,0,10,3,0,45.0,48.36,0,0,1,1,0,0,0,1,1
348,Skull Bash,10,1,0,15,3,0,100.0,100.0,1,1,12,8,0,0,0,1,1
349,Lock-On,0,1,2,7,1,3,125.0,125.0,1,0,12,8,0,0,0,0,0
350,Rock Blast,4,13,0,10,4,0,45.0,48.36,0,0,1,1,0,0,0,1,1
351,Cotton Spore,0,4,2,13,3,0,70.0,73.0,1,0,12,8,1,0,0,0,0
352,Struggle,30,1,0,1,3,0,100.0,100.0,1,0,12,8,0,0,0,1,0
353,Aeroblast,20,10,1,12,9,2,79.8,86.13,1,0,45,30,0,0,0,1,1
354,Volt Tackle,24,5,0,8,7,0,84.0,87.0,1,0,12,8,0,0,0,1,1
355,regular attack,1,0,0,17,3,0,93.0,97.0,1,0,0,0,0,0,0,1,1
356,is watching,2,0,2,17,3,0,67.2,72.21,1,0,9,6,0,0,0,1,1
357,Bide,2,1,0,17,3,0,100.0,100.0,1,0,9,6,0,0,0,1,1
358,Revenge,2,7,0,17,3,0,100.0,100.0,1,0,9,6,0,0,0,1,1
359,Avalanche,0,6,0,17,3,0,100.0,100.0,1,0,9,6,0,0,0,1,1
360,Wide Slash,20,0,0,10,5,0,88.0,92.0,1,0,12,8,0,0,0,1,1
361,$$$,2,0,2,99,1,3,100.0,100.0,1,0,0,0,0,0,0,1,1
362,$$$,15,0,0,10,6,0,100.0,100.0,1,0,12,8,0,0,0,1,1
363,See-Trap,2,0,2,22,10,6,125.0,125.0,1,0,0,0,0,0,0,0,0
364,Takeaway,2,0,0,12,9,0,100.0,100.0,1,0,0,0,0,0,0,1,1
365,Rebound,2,0,2,22,1,3,125.0,125.0,1,0,0,0,0,0,0,0,0
366,Bloop Slash,10,0,0,22,7,0,100.0,100.0,1,0,12,8,0,0,0,1,1
367,Switcher,2,0,2,17,9,2,100.0,100.0,1,0,0,0,0,0,0,0,0
368,Blowback,2,0,2,17,9,2,100.0,100.0,1,0,0,0,0,0,0,0,0
369,Warp,2,0,2,14,9,2,100.0,100.0,1,0,0,0,0,0,0,0,0
370,Transfer,2,0,2,22,4,0,100.0,100.0,1,0,0,0,0,0,0,0,0
371,Slow Down,2,0,2,37,10,0,100.0,100.0,1,0,0,0,0,0,0,0,0
372,Speed Boost,2,0,2,22,10,1,125.0,125.0,1,0,0,0,0,0,0,0,0
373,Searchlight,2,0,2,22,11,6,125.0,125.0,1,0,0,0,0,0,0,0,0
374,Petrify,2,0,2,22,10,0,100.0,100.0,1,0,0,0,0,0,0,0,0
375,Stay Away,2,0,2,22,9,0,100.0,100.0,1,0,0,0,0,0,0,0,0
376,Pounce,2,0,2,22,1,3,125.0,125.0,1,0,0,0,0,0,0,0,0
377,Trawl,2,0,2,22,11,6,125.0,125.0,1,0,0,0,0,0,0,0,0
378,Cleanse,2,0,2,17,1,3,125.0,125.0,1,0,0,0,0,0,0,0,0
379,Observer,2,0,2,22,4,0,100.0,100.0,1,0,0,0,0,0,0,0,0
380,Decoy Maker,2,0,2,22,4,0,100.0,100.0,1,0,0,0,0,0,0,0,0
381,Siesta,2,0,2,12,10,0,100.0,100.0,1,0,0,0,0,0,0,0,0
382,Totter,2,0,2,12,10,0,100.0,100.0,1,0,0,0,0,0,0,0,0
383,Two-Edge,2,0,2,22,10,0,125.0,125.0,1,0,0,0,0,0,0,0,0
384,No-Move,2,0,2,22,9,0,100.0,100.0,1,0,0,0,0,0,0,0,0
385,Escape,2,0,2,1,1,3,125.0,125.0,1,0,0,0,0,0,0,0,0
386,Scan,2,0,2,27,1,3,125.0,125.0,1,0,0,0,0,0,0,0,0
387,Power-Ears,2,0,2,27,1,3,125.0,125.0,1,0,0,0,0,0,0,0,0
388,Drought,2,0,2,22,11,6,125.0,125.0,1,0,0,0,0,0,0,0,0
389,Trap Buster,2,0,2,57,10,6,125.0,125.0,1,0,0,0,0,0,0,0,0
390,Wild Call,2,0,2,22,1,3,125.0,125.0,1,0,0,0,0,0,0,0,0
391,Invisify,2,0,2,12,1,3,125.0,125.0,1,0,0,0,0,0,0,0,0
392,One-Shot,200,0,2,3,3,0,65.0,68.0,1,0,0,0,0,0,0,1,1
393,HP Gauge,2,0,2,32,1,3,125.0,125.0,1,0,0,0,0,0,0,0,0
394,Vacuum-Cut,0,0,1,7,10,0,100.0,100.0,1,0,0,0,0,0,0,1,0
395,Reviver,2,0,2,4,1,3,125.0,125.0,1,0,0,0,0,0,0,0,0
396,Shocker,2,0,2,22,9,0,45.0,47.0,1,0,0,0,0,0,0,1,0
397,Echo,10,0,1,27,3,0,45.0,47.0,1,0,0,0,0,0,0,1,1
398,Famish,2,0,2,22,10,0,100.0,100.0,1,0,0,0,0,0,0,0,0
399,One-Room,2,0,2,22,11,6,125.0,125.0,1,0,0,0,0,0,0,0,0
400,Fill-In,2,0,2,99,4,6,125.0,125.0,1,0,0,0,0,0,0,0,0
401,Trapper,2,0,2,17,2,6,125.0,125.0,1,0,0,0,0,0,0,0,0
402,Possess,2,0,2,12,3,0,100.0,100.0,1,0,0,0,0,0,0,0,0
403,Itemize,2,0,2,17,4,0,65.0,68.0,1,0,0,0,0,0,0,0,0
404,[M:D1],2,0,2,22,1,3,100.0,100.0,1,0,0,0,0,0,0,0,0
405,projectile,2,0,0,57,0,7,125.0,125.0,1,0,0,0,0,0,0,0,0
406,Hurl,2,0,2,22,3,0,100.0,100.0,1,0,0,0,0,0,0,1,1
407,Mobile,2,0,2,17,1,3,125.0,125.0,1,0,0,0,0,0,0,0,0
408,Item-Toss,2,0,2,96,0,7,100.0,100.0,1,0,0,0,0,0,0,0,0
409,See Stairs,2,0,2,22,1,3,125.0,125.0,1,0,0,0,0,0,0,0,0
410,Long Toss,2,0,2,22,1,3,125.0,125.0,1,0,0,0,0,0,0,0,0
411,[M:D1],2,0,2,22,1,3,125.0,125.0,1,0,0,0,0,0,0,0,0
412,Pierce,2,0,2,22,1,3,125.0,125.0,1,0,0,0,0,0,0,0,0
413,[M:D1],2,0,2,22,1,3,100.0,100.0,1,0,0,0,0,0,0,0,0
414,[M:D1],2,0,2,22,1,3,100.0,100.0,1,0,0,0,0,0,0,0,0
415,[M:D1],2,0,2,22,1,3,100.0,100.0,1,0,0,0,0,0,0,0,0
416,[M:D1],2,0,2,22,1,3,100.0,100.0,1,0,0,0,0,0,0,0,0
417,[M:D1],2,0,2,22,1,3,100.0,100.0,1,0,0,0,0,0,0,0,0
418,[M:D1],2,0,2,22,1,3,100.0,100.0,1,0,0,0,0,0,0,0,0
419,[M:D1],2,0,2,22,1,3,100.0,100.0,1,0,0,0,0,0,0,0,0
420,[M:D1],2,0,2,22,1,3,100.0,100.0,1,0,0,0,0,0,0,0,0
421,[M:D1],2,0,2,22,1,3,100.0,100.0,1,0,0,0,0,0,0,0,0
422,[M:D1],2,0,2,22,1,3,100.0,100.0,1,0,0,0,0,0,0,0,0
423,[M:D1],2,0,2,22,1,3,100.0,100.0,1,0,0,0,0,0,0,0,0
424,[M:D1],2,0,2,22,10,0,125.0,125.0,1,0,0,0,0,0,0,0,0
425,[M:D1],2,0,2,22,11,0,125.0,125.0,1,0,0,0,0,0,0,0,0
426,[M:D1],2,0,2,22,11,1,125.0,125.0,1,0,12,8,0,0,0,0,0
427,[M:D1],2,0,2,22,10,0,125.0,125.0,1,0,0,0,0,0,0,0,0
428,[M:D1],2,0,2,22,10,1,125.0,125.0,1,0,12,8,0,0,0,0,0
429,[M:D1],2,0,2,22,10,0,125.0,125.0,1,0,0,0,0,0,0,0,0
430,Hammer Arm,18,7,0,16,3,0,80.0,83.0,1,0,12,8,0,0,0,1,1
431,Iron Head,16,17,0,12,3,0,80.0,83.0,1,0,12,8,0,0,0,1,1
432,Aqua Jet,4,3,0,18,7,0,88.0,92.0,1,0,12,8,0,0,0,1,1
433,Aqua Tail,16,3,0,11,4,0,80.0,83.0,1,0,12,8,0,0,0,1,1
434,Aqua Ring,0,3,2,20,1,3,125.0,125.0,1,0,12,8,0,1,0,0,0
435,Spacial Rend,15,15,1,5,10,0,80.0,83.0,1,0,45,30,0,0,0,1,1
436,Dark Pulse,16,16,1,10,6,0,73.92,80.04,1,0,12,8,0,0,0,1,1
437,Ominous Wind,6,14,1,8,10,0,77.44,84.64,1,0,12,8,0,0,0,1,1
438,Gastro Acid,0,8,2,16,4,4,125.0,125.0,1,0,12,8,1,0,1,0,0
439,Healing Wish,0,11,2,16,10,5,125.0,125.0,1,0,12,8,0,1,0,0,0
440,Close Combat,43,7,0,7,3,0,80.0,83.0,1,0,12,8,0,0,0,1,1
441,Wood Hammer,36,4,0,10,4,0,100.0,100.0,1,0,12,8,0,0,0,1,1
442,Air Slash,15,10,1,15,3,0,88.0,92.0,1,0,12,8,0,0,0,1,1
443,Energy Ball,16,4,1,11,9,2,88.0,92.0,1,0,12,8,0,0,0,1,1
444,Tailwind,0,10,2,12,10,1,125.0,125.0,1,0,12,8,0,1,0,0,0
445,Punishment,1,16,0,8,3,0,88.0,92.0,1,0,12,8,0,0,0,1,1
446,Chatter,10,10,1,12,6,0,77.44,84.64,1,0,12,8,0,0,1,1,1
447,Lucky Chant,0,1,2,22,10,1,125.0,125.0,1,0,12,8,0,1,0,0,0
448,Guard Swap,0,11,2,11,4,4,125.0,125.0,1,0,12,8,0,0,0,0,0
449,Heal Order,0,12,2,12,1,3,125.0,125.0,1,0,12,8,0,1,0,0,0
450,Heal Block,0,11,2,16,10,0,125.0,125.0,1,0,12,8,1,0,0,0,0
451,Shadow Sneak,4,14,0,16,7,0,88.0,92.0,1,0,12,8,0,0,0,1,1
452,Thunder Fang,12,5,0,15,3,0,88.0,92.0,1,0,12,8,0,0,1,1,1
453,Rock Wrecker,28,13,0,7,9,2,88.0,92.0,1,0,12,8,0,0,0,1,1
454,Focus Blast,25,7,1,6,9,2,80.0,83.0,1,0,12,8,0,0,0,1,1
455,Giga Impact,60,1,0,4,3,0,80.0,83.0,1,0,12,8,0,0,0,1,1
456,Defog,0,10,2,14,10,0,100.0,100.0,1,0,12,8,0,0,0,0,0
457,Trump Card,1,1,1,5,3,0,125.0,125.0,1,0,12,8,0,0,0,1,1
458,Grass Knot,1,4,1,20,3,0,88.0,92.0,1,0,12,8,0,0,0,1,1
459,Cross Poison,15,8,0,12,3,0,88.0,92.0,1,0,45,30,0,0,0,1,1
460,Attack Order,11,12,0,10,10,0,80.0,83.0,1,0,45,30,0,0,0,1,1
461,Ice Fang,10,6,0,15,3,0,88.0,92.0,1,0,12,8,0,0,1,1,1
462,Ice Shard,4,6,0,16,7,0,88.0,92.0,1,0,12,8,0,0,0,1,1
463,Psycho Cut,10,11,0,14,4,0,88.0,92.0,1,0,45,30,0,0,0,1,1
464,Psycho Shift,0,11,2,10,3,2,125.0,125.0,1,0,12,8,0,0,0,0,0
465,Me First,0,1,2,22,0,7,125.0,125.0,1,0,12,8,0,0,0,0,0
466,Embargo,0,16,2,18,3,0,125.0,125.0,1,0,12,8,1,0,0,0,0
467,Judgment,20,1,1,7,10,0,80.0,83.0,1,0,12,8,0,0,0,1,1
468,Seed Flare,44,4,1,5,6,0,70.4,76.36,1,0,12,8,0,0,0,1,1
469,Brine,8,3,1,8,3,0,88.0,92.0,1,0,12,8,0,0,0,1,1
470,X-Scissor,40,12,0,10,3,0,88.0,92.0,1,0,12,8,0,0,0,1,1
471,Natural Gift,1,1,0,17,3,0,88.0,92.0,1,0,12,8,0,0,0,1,1
472,Payback,0,16,0,16,1,3,125.0,125.0,1,0,12,8,0,0,0,0,0
473,Zen Headbutt,15,11,0,9,3,0,88.0,92.0,1,0,12,8,0,0,0,1,1
474,Wring Out,1,1,1,10,3,0,88.0,92.0,1,0,12,8,0,0,0,1,1
475,Gyro Ball,1,17,0,12,3,0,88.0,92.0,1,0,12,8,0,0,0,1,1
476,Shadow Claw,13,14,0,10,3,0,88.0,92.0,1,0,45,30,0,0,0,1,1
477,Shadow Force,50,14,0,6,3,0,100.0,100.0,1,1,12,8,0,0,0,1,1
478,Gravity,0,11,2,10,11,6,125.0,125.0,1,0,12,8,0,0,0,0,0
479,Vacuum Wave,11,7,1,14,7,0,88.0,92.0,1,0,12,8,0,0,0,1,1
480,Stealth Rock,0,13,2,20,2,6,125.0,125.0,1,0,12,8,0,0,0,0,0
481,Stone Edge,38,13,0,7,3,0,80.0,83.0,1,0,45,30,0,0,0,1,1
482,Switcheroo,0,16,2,16,4,0,125.0,125.0,1,0,12,8,0,0,0,0,0
483,Dark Void,0,16,2,8,10,0,88.0,92.0,1,0,12,8,1,0,0,0,0
484,Earth Power,9,9,1,8,10,0,88.0,92.0,1,0,12,8,0,0,0,1,1
485,Gunk Shot,22,8,0,6,9,2,80.0,83.0,1,0,12,8,0,0,0,1,1
486,Seed Bomb,16,4,0,11,4,0,88.0,92.0,1,0,12,8,0,0,0,1,1
487,Double Hit,3,1,0,13,3,0,70.4,76.36,2,0,12,8,0,0,0,1,1
488,Assurance,9,16,0,12,3,0,88.0,92.0,1,0,12,8,0,0,0,1,1
489,Charge Beam,9,5,1,12,4,0,88.0,92.0,1,0,12,8,0,0,0,1,1
490,Pluck,10,10,0,15,3,0,100.0,100.0,1,0,12,8,0,0,1,1,1
491,Night Slash,13,16,0,12,3,0,88.0,92.0,1,0,45,30,0,0,0,1,1
492,Acupressure,0,1,2,22,10,1,125.0,125.0,1,0,12,8,0,1,0,0,0
493,Magnet Rise,0,5,2,13,1,3,125.0,125.0,1,0,12,8,0,1,0,0,0
494,Roar of Time,24,15,1,4,10,0,80.0,83.0,1,0,12,8,0,0,1,1,1
495,Poison Jab,14,8,0,14,3,0,88.0,92.0,1,0,12,8,0,0,0,1,1
496,Toxic Spikes,0,8,2,18,2,6,125.0,125.0,1,0,12,8,0,0,0,0,0
497,Last Resort,30,1,0,7,3,0,80.0,83.0,1,0,12,8,0,0,0,1,1
498,Dragon Rush,40,15,0,8,3,0,80.0,83.0,1,0,12,8,0,0,0,1,1
499,Trick Room,0,11,2,10,11,2,125.0,125.0,1,0,12,8,0,0,0,0,0
500,Drain Punch,13,7,0,8,4,0,88.0,92.0,1,0,12,8,0,0,0,1,1
501,Mud Bomb,12,9,1,10,4,0,88.0,92.0,1,0,12,8,0,0,0,1,1
502,U-turn,14,12,0,12,7,0,88.0,92.0,1,0,12,8,0,0,0,1,1
503,Fling,0,16,2,16,3,0,125.0,125.0,1,0,12,8,0,0,0,0,0
504,Worry Seed,0,4,2,14,9,2,100.0,100.0,1,0,12,8,0,0,0,0,0
505,Crush Grip,15,1,0,6,3,0,88.0,92.0,1,0,12,8,0,0,0,1,1
506,Heart Swap,0,11,2,10,4,4,125.0,125.0,1,0,12,8,0,0,0,0,0
507,Force Palm,12,7,0,12,3,0,88.0,92.0,1,0,12,8,0,0,0,1,1
508,Aura Sphere,16,7,1,10,9,2,125.0,125.0,1,0,12,8,0,0,0,1,1
509,Roost,0,10,2,14,1,3,125.0,125.0,1,0,12,8,0,1,0,0,0
510,Bullet Punch,4,17,0,16,7,0,88.0,92.0,1,0,12,8,0,0,0,1,1
511,Power Whip,42,4,0,8,3,0,80.0,83.0,1,0,12,8,0,0,0,1,1
512,Power Gem,12,13,1,15,4,0,88.0,92.0,1,0,12,8,0,0,0,1,1
513,Power Swap,0,11,2,13,4,4,125.0,125.0,1,0,12,8,0,0,0,0,0
514,Power Trick,0,11,2,13,1,3,125.0,125.0,1,0,12,8,0,0,0,0,0
515,Sucker Punch,15,16,0,7,7,0,88.0,92.0,1,0,12,8,0,0,0,1,1
516,Feint,5,1,0,12,3,0,88.0,92.0,1,0,12,8,0,0,0,1,1
517,Flare Blitz,32,2,0,6,3,0,88.0,92.0,1,0,12,8,0,0,0,1,1
518,Brave Bird,42,10,0,6,4,0,88.0,92.0,1,0,12,8,0,0,0,1,1
519,Lava Plume,15,2,1,10,6,0,70.4,76.36,1,0,12,8,0,0,0,1,1
520,Defend Order,0,12,2,13,1,3,125.0,125.0,1,0,12,8,0,1,0,0,0
521,Discharge,9,5,1,8,10,0,70.0,73.0,1,0,12,8,0,0,0,1,1
522,Fire Fang,12,2,0,13,3,0,88.0,92.0,1,0,12,8,0,0,1,1,1
523,Magnet Bomb,12,17,0,10,3,0,125.0,125.0,1,0,12,8,0,0,0,1,1
524,Magma Storm,55,2,1,5,3,0,80.0,83.0,1,0,12,8,0,0,0,1,1
525,Copycat,0,1,2,19,4,0,125.0,125.0,1,0,12,8,0,0,0,0,0
526,Lunar Dance,0,11,2,12,10,5,125.0,125.0,1,0,12,8,0,1,0,0,0
527,Mirror Shot,12,17,1,10,4,0,88.0,92.0,1,0,12,8,0,0,0,1,1
528,Miracle Eye,0,11,2,27,3,0,125.0,125.0,1,0,12,8,0,0,0,0,0
529,Bug Bite,11,12,0,12,3,0,100.0,100.0,1,0,12,8,0,0,1,1,1
530,Bug Buzz,16,12,1,10,6,0,77.44,84.64,1,0,12,8,0,0,0,1,1
531,Wake-Up Slap,12,7,0,10,3,0,88.0,92.0,1,0,12,8,0,0,0,1,1
532,Metal Burst,0,17,0,12,1,3,125.0,125.0,1,0,12,8,0,0,0,0,0
533,Head Smash,50,13,0,5,3,0,80.0,83.0,1,0,12,8,0,0,0,1,1
534,Captivate,0,1,2,20,3,0,125.0,125.0,1,0,12,8,1,0,0,0,0
535,Avalanche,6,6,0,12,1,3,125.0,125.0,1,0,12,8,0,0,0,0,0
536,Flash Cannon,15,17,1,11,4,0,88.0,92.0,1,0,12,8,0,0,0,1,1
537,Leaf Storm,27,4,1,5,9,2,80.0,83.0,1,0,12,8,0,0,0,1,1
538,Draco Meteor,14,15,1,5,10,0,80.0,83.0,1,0,12,8,0,0,0,1,1
539,Dragon Pulse,18,15,1,10,4,0,80.0,83.0,1,0,12,8,0,0,0,1,1
540,Rock Polish,0,13,2,22,1,3,125.0,125.0,1,0,12,8,0,1,0,0,0
541,Rock Climb,12,1,0,14,3,0,88.0,92.0,1,0,12,8,0,0,0,1,1
542,Nasty Plot,0,16,2,20,1,3,125.0,125.0,1,0,12,8,0,1,0,0,0
543,[M:D1],1,0,1,22,1,3,100.0,100.0,1,0,0,0,0,0,0,0,0
544,[M:D1],1,0,1,22,1,3,100.0,100.0,1,0,0,0,0,0,0,0,0
545,[M:D1],1,0,1,22,1,3,100.0,100.0,1,0,0,0,0,0,0,0,0
546,[M:D1],1,0,1,22,1,3,100.0,100.0,1,0,0,0,0,0,0,0,0
547,[M:D1],1,0,0,22,1,3,100.0,100.0,1,0,0,0,0,0,0,0,0
548,[M:D1],1,0,1,22,1,3,100.0,100.0,1,0,0,0,0,0,0,0,0
549,[M:D1],1,0,0,22,1,3,100.0,100.0,1,0,0,0,0,0,0,0,0
550,[M:D1],1,0,0,22,1,3,100.0,100.0,1,0,0,0,0,0,0,0,0
551,[M:D1],1,0,1,22,1,3,100.0,100.0,1,0,0,0,0,0,0,0,0
552,[M:D1],1,0,0,22,1,3,100.0,100.0,1,0,0,0,0,0,0,0,0
553,[M:D1],1,0,0,22,1,3,100.0,100.0,1,0,0,0,0,0,0,0,0
554,[M:D1],1,0,0,22,1,3,100.0,100.0,1,0,0,0,0,0,0,0,0
555,[M:D1],1,0,0,22,1,3,100.0,100.0,1,0,0,0,0,0,0,0,0
556,[M:D1],1,0,2,22,1,3,100.0,100.0,1,0,0,0,0,0,0,0,0
557,[M:D1],1,0,1,22,1,3,100.0,100.0,1,0,0,0,0,0,0,0,0
558,[M:D1],1,0,2,22,1,3,100.0,100.0,1,0,0,0,0,0,0,0,0